Normal,Sesgada,Leptoc√∫rtica
0.4967141530112327,4.052586975519373,-0.8198085631385327
-0.13826430117118466,2.520944626104466,0.12905199819924804
0.6476885381006925,1.0614441323464117,-1.9513522864406205
1.5230298564080254,0.5236473707900124,1.6474863571721245
-0.23415337472333597,2.010178076888574,-2.7262934069720544
-0.23413695694918055,1.482137622757546,1.3688675006904505
1.5792128155073915,2.4478087094387555,1.0317065793420817
0.7674347291529088,1.88734636288665,-1.8600202581843455
-0.4694743859349521,2.856373220308719,0.06008009239046517
0.5425600435859647,0.585531550156736,-0.8361339349183393
-0.46341769281246226,3.7336789664035934,-3.1517990637970748
-0.46572975357025687,1.2184744246958086,-0.6757905598537457
0.24196227156603412,7.966624462213876,1.5641448502101838
-1.913280244657798,0.5019836055505347,0.1580821671685939
-1.7249178325130328,5.674394168192357,0.5749516413322796
-0.5622875292409727,1.2188536470687799,-2.1061344571469363
-1.0128311203344238,0.5213060385623326,-0.554684108422991
0.3142473325952739,0.6163835679084438,-0.7050077957244277
-0.9080240755212109,0.7258968833528789,-0.34660220098488864
-1.4123037013352915,1.5283151911486554,-0.6223860294333268
1.465648768921554,1.6868037871152284,-2.3628990492492297
-0.22577630048653566,0.5634368586089891,1.6429703861097813
0.06752820468792384,0.9759395877704368,1.0296018905353046
-1.4247481862134568,8.518756322185485,-0.03632938062326176
-0.5443827245251827,5.6268127908524015,1.1064244078720564
0.11092258970986608,1.5470094337633242,0.915266400536686
-1.1509935774223028,1.0387348457667236,0.09199851482197632
0.37569801834567196,1.1275321729088335,0.26461846415925183
-0.600638689918805,1.8469173883326517,-0.19788940534145116
-0.2916937497932768,0.3595893600199943,-3.186825444614589
-0.6017066122293969,0.7730770665082998,-1.268626782596147
1.8522781845089378,0.18851379836880872,1.6369583390355054
-0.013497224737933921,1.4906661828270393,1.3508078305520694
-1.0577109289559004,1.9101770607068553,-0.2637611372943455
0.822544912103189,0.6168147999442286,-1.2570078750308133
-1.2208436499710222,4.825849412266268,1.0341492742782434
0.2088635950047554,0.2935328670050029,-0.7290555531627593
-1.9596701238797756,0.23122248806200957,0.2339038322468067
-1.3281860488984305,1.2516364042508432,-0.6665621143064206
0.19686123586912352,2.8493710981442995,-1.8731927549849323
0.7384665799954104,5.386671660286898,-0.44917912292361856
0.1713682811899705,0.6319883851894557,0.8912140570295568
-0.11564828238824053,2.94079758928626,-0.1442029987726366
-0.3011036955892888,0.9622235551522252,0.18184907372292486
-1.4785219903674274,0.8414511653099637,0.9129320148064975
-0.7198442083947086,2.4197396155190325,0.20808572723617505
-0.4606387709597875,1.9199955693626727,1.1780362686260104
1.0571222262189157,0.20671956617861786,-1.4171718262979995
0.3436182895684614,4.377773884876635,1.69713285473229
-1.763040155362734,3.975264767831067,-1.1144951383196482
0.324083969394795,0.5349603208299903,-2.676309779680585
-0.38508228041631654,1.4855774225888498,-0.04623406231990833
-0.6769220003059587,1.6389080325883245,0.28863709797863774
0.6116762888408679,1.2978042082777301,-0.886466253803606
1.030999522495951,0.5767737787869596,-0.3033816371318013
0.9312801191161986,0.5108785603818397,1.2928336084205687
-0.8392175232226385,0.9747696707782322,2.531391568424115
-0.3092123758512146,3.2307975273836393,1.076684324319897
0.33126343140356396,1.7221958862107531,0.4571957959837646
0.9755451271223592,0.6903101206913013,1.0991831603690123
-0.47917423784528995,2.1634381896134176,2.328386390489829
-0.18565897666381712,0.057928683453958095,0.32013397263344107
-1.1063349740060282,3.154297158113469,0.005453431489316643
-1.1962066240806708,0.17557064547075862,-3.916385650931486
0.812525822394198,0.6959754157964247,1.913815284043347
1.356240028570823,0.326387519115864,-1.7290383875015656
-0.07201012158033385,0.27398512134722847,0.652809608812325
1.0035328978920242,3.1925717632708346,0.18169376940242046
0.36163602504763415,0.6264406753477956,-1.4361526763245815
-0.6451197546051243,1.414114983033274,0.03898614515011479
0.36139560550841393,0.9541631752899792,0.022593542061745447
1.5380365664659692,1.6112992275844322,-1.0434811731662157
-0.03582603910995154,1.0798497283734538,-1.321861916036612
1.5646436558140062,0.2772065939672781,-1.5888178625404883
-2.6197451040897444,2.70815290990432,-0.0006182636502409869
0.8219025043752238,0.6103293294465363,-0.48884129565415957
0.08704706823817122,0.21085556654085033,0.559526700207193
-0.29900735046586746,0.6517363558886221,1.0060962568527096
0.0917607765355023,4.48509550964607,-0.11446557321978221
-1.9875689146008928,2.3401657076877247,0.2818933830157231
-0.21967188783751193,0.7056385549538344,-0.45902350602049613
0.3571125715117464,0.7052113708351954,-6.585194558433426
1.477894044741516,0.7249627163185116,0.956838634029172
-0.5182702182736474,7.978480530030335,-3.614338504769112
-0.8084936028931876,1.465117512014838,2.153711057656635
-0.5017570435845365,1.537321547339284,0.04517619645366967
0.9154021177020741,2.801859920641494,2.047714858966927
0.32875110965968446,1.2697108012986522,1.2252964323844615
-0.5297602037670388,0.7717904946144333,0.08564459254592888
0.5132674331133561,0.8217247047490175,-0.3605835663641388
0.09707754934804039,0.9309020102301064,1.2475542260625057
0.9686449905328892,0.9634619951238853,-8.191352317859764
-0.7020530938773524,2.0701675450447348,0.4935879569901913
-0.3276621465977682,1.0533187414777447,0.4602792732836803
-0.39210815313215763,2.0805662187390976,2.5581247015660344
-1.4635149481321186,0.9224550965224529,-0.8983029420692307
0.29612027706457605,1.081809595458078,-1.751299446922762
0.26105527217988933,0.13557901331298305,8.105575947983528
0.00511345664246089,2.5000923587768025,-2.2738330922307735
-0.23458713337514692,1.414093197582206,0.9838989595641146
-1.4153707420504142,2.712878124421671,-2.782164763276141
-0.42064532276535904,0.05522964746115082,0.7650288315692362
-0.3427145165267695,8.0717854630509,1.0027447001958136
-0.8022772692216189,0.8697150687538547,5.150592079853505
-0.16128571166600914,3.0288494160765227,0.14877577453358629
0.4040508568145384,0.3534879340207406,0.7277352757894326
1.8861859012105302,1.8455436679526471,1.878753018270643
0.17457781283183896,0.3487445534997058,0.7892924414864918
0.25755039072276437,0.5359207621250424,0.8248256647855772
-0.07444591576616721,6.780367837958054,0.8208224597921776
-1.9187712152990415,0.8263950089006742,0.21054596354838767
-0.026513875449216878,1.2428819959910784,-0.36058121155162315
0.06023020994102644,2.387072526115417,-1.1793609838513643
2.463242112485286,1.641617256554263,0.8195831970331247
-0.19236096478112252,1.1623210430230002,-0.004788794546722451
0.30154734233361247,1.4404578327508897,0.6749800316438221
-0.03471176970524331,11.060891351849753,-0.3446881949806553
-1.168678037619532,0.9440097381683086,-0.05613728210536958
1.1428228145150205,1.2227458747879405,0.790134625494281
0.7519330326867741,2.85952176555134,2.0252493670823153
0.7910319470430469,3.02081279610249,0.7276971217066833
-0.9093874547947389,3.277334060785908,-1.293740904644067
1.4027943109360992,1.8940742978977168,-0.863864484113047
-1.4018510627922809,0.31885943602402717,0.3055591686307008
0.5868570938002703,5.121418914015028,1.7617661962874724
2.1904556258099785,0.31779606942967986,0.10999602836923306
-0.9905363251306883,1.353421005503556,-2.6250456890594625
-0.5662977296027719,0.4703510961730328,2.2047999575984627
0.09965136508764122,0.9378752387110251,-1.8670227337062746
-0.5034756541161992,1.389247745423551,-0.5296454667131509
-1.5506634310661327,1.3789980923466498,0.1462013339992614
0.06856297480602733,1.5248876790048609,-1.0748264474073352
-1.0623037137261049,5.021412502166229,-0.4175225476961342
0.4735924306351816,1.5738648802905353,-0.5663496297991204
-0.9194242342338032,0.7833649220603318,-0.4839858865607866
1.5499344050175394,2.622392760300302,-2.464340985377204
-0.7832532923362371,3.2853411222160447,-1.6413148881115007
-0.3220615162056756,0.29299263255725483,-1.2417178600609848
0.8135172173696698,1.8173875718811727,-1.093741203841339
-1.2308643164339552,2.0161157057974486,0.5923349514050945
0.22745993460412942,0.7426254225138214,-0.17416404267786673
1.307142754282428,3.957873211978236,1.0118764472763915
-1.6074832345612275,0.8606601335525103,-3.5337141553579237
0.1846338585323042,1.1338018487343764,0.697093601895936
0.25988279424842353,0.8410772029073492,0.3412238824991139
0.7818228717773104,1.0157010335952799,0.20619837798368718
-1.236950710878082,0.3341133117193492,1.2997605557768623
-1.3204566130842763,0.23691570348980198,-0.22731712009305627
0.5219415656168976,4.925890464350007,-0.0852679182801103
0.29698467323318606,0.4287156722980344,0.4819936859986643
0.25049285034587654,0.3710596864273816,-0.17190453278636428
0.3464482094969757,0.11608993185849599,0.2672184659398763
-0.6800247215784908,0.5278401709211457,-1.8084378840375481
0.23225369716100355,0.26631118290538935,-0.2110294423584279
0.29307247329868125,5.1655684786041345,0.6679691712231712
-0.7143514180263678,2.7450988612564324,0.9755849359988703
1.8657745111447566,0.5025046701919712,-0.41529204937988945
0.4738329209117875,9.510874282949734,-0.45850778308137813
-1.1913034972026486,2.669164459689883,0.22723234214569363
0.6565536086338297,0.7226491939412208,0.495595340536142
-0.9746816702273214,0.08213379501573256,0.4887123745120257
0.787084603742452,9.88424991480538,1.1558902831113207
1.158595579007404,0.24918181536958353,0.04012639823880057
-0.8206823183517105,0.19293561496408182,1.318390387985739
0.9633761292443218,2.780332241825492,-1.0077138680250675
0.4127809269364983,11.470200442272365,1.6170132090243932
0.82206015999449,3.9919219973267985,2.2124060229345504
1.8967929826539474,1.7575294829243493,-3.050117491736499
-0.2453881160028705,1.8125856134993648,1.3962024107187105
-0.7537361643574896,2.347651716033762,0.00594511255770618
-0.8895144296255233,2.135986476362124,2.35710993628877
-0.8158102849654383,1.324707160368992,-0.40240904373231684
-0.0771017094141042,1.109823622391248,0.5536277815859707
0.3411519748166439,0.9393255813216991,0.6897850198978789
0.27669079933001905,0.4704975209843883,-4.760750439234306
0.8271832490360238,0.755273701513038,0.4907379436765816
0.01300189187790702,0.18397473985476692,1.1938173389323479
1.4535340771573169,0.9063410337761817,-1.7262573018350391
-0.2646568332379561,0.3721005717241422,-2.256742012554138
2.720169166589619,0.3316784454456515,0.011163305507636072
0.6256673477650062,1.1970906457514503,0.6631960201183764
-0.8571575564162826,4.02289698587439,1.4700941696570524
-1.0708924980611123,2.505069818994014,-1.8733885105048276
0.4824724152431853,0.20794106024907472,0.5682634729855981
-0.2234627853258509,0.37171489249919687,1.193238277574355
0.714000494092092,2.5619564066949128,0.5346691944107882
0.47323762457354485,0.3743787125358416,-0.8290978097329749
-0.07282891265687277,0.798809208174903,1.560561006323949
-0.846793718068405,1.73334332101126,-0.6084206050846209
-1.5148472246858646,0.37971114697123826,1.3832591197359583
-0.4465149520670211,1.1111277673338795,-1.381751955354986
0.8563987943234723,0.2634147494313432,1.1946385355833866
0.21409374413020396,0.5480615702080162,-1.1055107418466574
-1.245738778711988,1.3768274925298953,-0.5787095067590332
0.173180925851182,0.2033160257167305,-0.8579587137444133
0.3853173797288368,1.5534445225686135,-0.13830343853621754
-0.883857436201133,0.9805537666220006,-0.347854193141495
0.1537251059455279,1.7375741163118266,-0.07761045143931901
0.058208718445999896,1.2509635996570196,1.110286188679552
-1.142970297830623,3.91235865999891,1.3290811654485162
0.3577873603482833,1.1334028764533053,-0.03725205225343154
0.5607845263682344,0.6508959105894496,-0.15655070018481737
1.083051243175277,1.1300902570524605,-0.9345035020335405
1.053802052034903,1.7216756454105482,-0.21329163235098408
-1.377669367957091,1.0500734040297528,-0.6257451972620058
-0.9378250399151228,1.0414267950014586,-1.2241276634342513
0.5150352672086598,0.4955972451756039,1.4644057047642356
0.5137859509122088,0.5153541640182239,-2.2736538455444295
0.5150476863060479,0.24595534798045512,-1.5131098296983303
3.852731490654721,5.752167516601912,0.8338755577878535
0.570890510693167,0.2882684152785339,-1.144798903880081
1.135565640180599,0.5001210060221144,1.407398107914976
0.9540017634932023,0.48752814076250733,1.207447307436184
0.651391251305798,2.4471507214497263,0.5918824189725318
-0.3152692446403456,0.7445690545097248,-1.4239033621456156
0.7589692204932674,3.4824709073231723,0.525821982034675
-0.7728252145375718,0.5099255092407491,0.41655703278639905
-0.23681860674000887,1.321799627476612,1.5004169147820638
-0.48536354782910346,0.4337239300060769,1.1146817138611125
0.08187413938632256,8.543315187872347,-2.1749809689436823
2.3146585666735087,0.3049527540799743,-1.102791826820806
-1.867265192591748,1.3631806878652197,-0.773819189037692
0.6862601903745135,1.8847154996323328,0.9261766527438835
-1.6127158711896517,1.512553220560884,-0.4363713513122943
-0.47193186578943347,0.8308652437092322,0.8013360657786238
1.088950596967366,0.8782528877810093,-1.1527385101372631
0.06428001909546277,1.0447853650028514,0.970207619695091
-1.0777447779293061,0.8632922494242296,-0.5656584025559164
-0.7153037092599682,2.6218472243218707,-1.0194545005903626
0.6795977489346758,9.120485174151527,0.875810050067644
-0.7303666317171367,0.572643577268394,1.1101578460515602
0.21645858958197486,0.2541570287450954,1.3950524038697667
0.045571839903813784,0.9155026242994494,-3.645386909900854
-0.6516003476058171,13.193302805948043,1.551026909441458
2.1439440893253257,0.44768090410647154,1.049280870392696
0.6339190223180112,5.15061850459498,0.5335147117292157
-2.025142586657607,5.353233731349426,0.7269836666221475
0.18645431476942764,0.5748832848213524,-0.5817977646835013
-0.661786464768388,1.7664697778604779,-0.5211138462491911
0.852433334796224,5.0956978409181835,0.5581018256015484
-0.7925207384327007,0.6844581737186239,0.9817078400084448
-0.11473644146689901,0.8158046435438111,2.04950001819319
0.5049872789804571,0.5589580161367066,0.6165555832695305
0.8657551941701215,0.36249060194484856,-0.4499950462542527
-1.2002964070557762,0.5224230675796037,-1.751367758667021
-0.3345012358409484,0.2940691701307131,0.487700425645157
-0.4749453111609562,1.0346709653083137,1.0352949002738565
-0.6533292325737119,0.46302546284679535,-1.3406537949615822
1.7654542402810969,1.2633739897780332,1.678975981879148
0.40498171096095553,0.2110003163530527,-0.9631934628075952
-1.2608839543350452,1.3921930424450208,1.2752494979238074
0.9178619470547761,2.3014260708710683,-0.9113214341513912
2.1221561970126332,0.13618573280240537,-0.6777551314177147
1.0324652605511468,1.4536193791577048,0.2984297644534959
-1.5193699659540134,3.413263912061834,1.662324232012092
-0.48423407286625136,0.29830434589581634,3.117283463133694
1.2669111491866227,5.325850338551993,-1.218879590538251
-0.7076694656187807,1.5204692576721621,1.0951919619090338
0.44381942814622843,0.4941027162589831,-0.26289262242735467
0.7746340534293368,0.9457575072148252,-0.32160114793972666
-0.926930471578083,1.747745920951597,0.7642158511665689
-0.05952535606180008,1.078968391305179,0.3325769368792665
-3.2412673400690726,1.7138734639431112,0.20462779267020575
-1.0243876413342898,0.39825069180569894,1.4309875513687247
-0.2525681513931603,1.184547475023629,-0.6431747637156835
-1.2477831819648495,0.2432380958822262,0.3394041303230644
1.6324113039316352,0.8947364607340765,-0.34573602539095316
-1.4301413779606327,0.4049840313311984,-1.0805638651542335
-0.44004448669698376,0.4792514159302177,-0.6393465987051622
0.13074057728609134,3.4421393261031525,-2.4321158487065397
1.4412732890661155,2.978173283939371,-2.4415420874194487
-1.4358621511794394,1.8388458528098646,-0.5815783870664971
1.1631637521549596,0.3354398025758568,-0.47660956795073794
0.010233061019587049,0.7287617268643457,-0.3716379646873101
-0.9815086510479509,3.3638888481059306,-0.05620945790797216
0.46210347426327075,1.152250415987011,1.352579696001193
0.19905969557347003,10.16885420984821,0.08412699654806995
-0.6002168771587947,1.4818893172887044,-1.1697130601606736
0.06980208499001891,1.2117300314293276,-0.1427245586134152
-0.3853135968617602,0.7340952692273782,-0.6864515025177806
0.11351734525124804,1.1428680139462861,1.1333235201521215
0.6621306745210467,0.8585847915907339,1.045864358212249
1.586016816145352,2.0301479591706713,0.5086363296905188
-1.237815498826849,2.603098110954879,-0.05200790635161895
2.1330333746562666,0.4556686125581153,-0.0802330338040373
-1.9520877995225019,0.2641513740627509,0.6624889222242956
-0.15178509503558332,0.15942122385275795,-0.27648395933866277
0.5883172064845765,1.6619495266230053,-0.6508150827659
0.28099186773503265,0.33175232212408223,-0.8600420175168279
-0.6226995198205938,0.11614793566270235,0.8887850350809865
-0.20812225035727522,1.4748829113879085,-2.0383369486475873
-0.4930009346588328,12.09750844100277,-1.0706865774916117
-0.5893647569442115,0.9939474792085465,0.9161398830207215
0.8496020970210246,2.3128736932997715,0.3127161846850537
0.35701548596504734,1.0852706018761322,-0.5519622461195409
-0.6929095952606542,0.9058426593555785,-1.2531922219860703
0.8995998754332507,2.506974087309631,0.782263961161283
0.30729952087660933,0.748058164361927,-1.20265825342277
0.8128621188389601,1.3065529248959276,-0.8817813724644562
0.6296288419236122,1.3794678463276853,0.5909078331137213
-0.8289950109220723,0.5126866425698988,0.7552517883139873
-0.5601810401969696,2.696736530476961,-0.4949839201550741
0.7472936051232618,0.8394908039735549,-0.7822501747976882
0.6103702654334648,0.4696605123165023,1.3773581498072194
-0.020901593964148132,1.7100281691574934,1.2134716274754074
0.117327383308782,0.40719300923199825,1.5896521515133024
1.277664895788425,1.0285820027539976,0.7991076094349772
-0.5915713888358299,0.9909224553099268,0.016787144844044925
0.5470973811700379,2.9620913790679606,-1.2459418943935394
-0.20219265243389406,1.6075290248806642,-2.038925542453799
-0.2176812032272203,0.9752836192513897,-0.5587679543143484
1.09877685198719,2.265433880252324,-1.21837936757488
0.8254163489880298,4.015683417656378,-0.3120538461697768
0.8135096360006385,1.746843257806236,0.460253488974335
1.305478807154329,1.010406393618473,0.3949394886388311
0.02100384163275905,0.2693250586729212,-0.7853283736010671
0.6819529712949639,0.3446886741658167,0.06713440535131973
-0.31026675659345604,0.7369577581675149,-1.600251161596061
0.3241663524884421,0.5436159791099805,0.09297298250346805
-0.13014305436768459,0.8294675392859131,1.9387015734782624
0.09699596499271819,1.0582852662166777,1.2369809532435692
0.5951570254369136,1.6984103992498139,0.298935082887254
-0.8182206832334725,0.931928878287125,1.83532388199395
2.0923872756854602,1.6266157733397528,-4.177532661829874
-1.006017381499702,1.0665982887758034,-0.5624669156735411
-1.2141886127877322,0.1386965859841651,-1.1348716350667474
1.1581108735000678,0.3908875353220084,-1.3353342090670437
0.7916626939629359,0.8658119379514385,0.6010435193047508
0.6241198170521551,0.29828832017890883,-1.3157335024851808
0.6283455092642799,1.8219889426042266,1.5559346288124491
-0.012246772846914623,4.6216456008995,2.2577018115330474
-0.8972543714858315,3.382996488105278,1.0461415871692106
0.07580455819372633,0.8077983075982625,-1.0797314917564713
-0.6771617115121117,4.440318627634122,-1.8304721243604598
0.9751197334177512,1.1602870799350515,-0.6659416228278788
-0.14705738150213865,0.7138474669997619,-4.778660514484827
-0.8254971967925115,0.5415051708082703,2.1310354992975884
-0.32138584165299344,0.7389908893285116,-0.6979141711538183
0.41293145427562433,0.6782923979878034,-0.47897472403741403
-0.5637245528039747,1.1857983044072433,2.6831659437769946
-0.8222203955664315,1.1741846373396296,-0.889625638822083
0.2436872114919123,1.0030506639866748,1.0925830533443015
0.24496657110872277,1.547960363315464,2.5563601397326585
-0.5069431753711298,3.289206251695422,-0.7454187763573136
-0.4710383056183228,2.5845570399948774,-0.18779634533320697
0.2320499373576363,0.22652545224042278,-0.061534754538868204
-1.4480843414973241,0.07777609673606653,-0.23557063666832553
-1.4074637743765552,2.5454817154312157,-1.2193813595464664
-0.718444221252436,0.2549013431187049,1.5539123662464136
-0.21344715171184725,0.7987035711283558,-2.881030420358088
0.3109075655980046,0.3103318636955354,-0.4361177315709931
1.475356216949552,0.16497184803964154,-0.12229773194182535
0.8576596232020194,1.7185187504788493,-0.40408442434366143
-0.1599385299634271,2.1364704827487073,0.4498306630807177
-0.01901620790268883,0.5618556004933738,-2.5677687063230334
-1.0025293646378088,0.07494188802255096,0.18758499316448068
-0.01851313599238993,0.579120649046074,-3.966492173352831
-0.2886586389201383,1.4796476800295053,0.17767520760553276
0.3227185603380895,0.22788559124016589,-0.3596634199087037
-0.827230943552323,1.201246682724825,0.4948455126650794
0.5193465142411723,0.9848067507669646,-0.6015589860464039
1.5327389130025777,1.7847734699749371,-1.574483306101864
-0.1087601484568576,1.1270238175444627,0.30104313883900713
0.40171172209894146,0.37792143802294736,-0.6067906998413364
0.6901439917111125,3.308753398436464,3.1181587615340605
-0.40122047188583626,0.8533977258637917,-0.26713163569849613
0.22409248181041677,0.9730648597011345,0.42350855607597887
0.01259240078179486,0.3932664295301141,-1.5677543829582679
0.09767609854883172,0.6419259971380825,-1.4900154243188737
-0.7730097838554665,0.412795604028645,0.453542713367031
0.024510174258942714,0.8411829870956601,0.1910094640032111
0.49799829124544975,5.53841567236864,2.209194114302166
1.4511436077950417,0.2536243248270041,-0.4261513056868359
0.9592708260852069,0.19917700089002638,-0.29975946711954293
2.1531824575115563,4.354328150187487,1.2773857076616877
-0.7673475628880495,0.8111326480435964,0.9196032037647612
0.8723206367206782,0.5121832854231193,-0.03974534401555599
0.18334200573835174,2.8289473671614487,2.4826336902103994
2.1898029332176723,0.5457383995604471,-0.0892253200002771
-0.8082982853551515,6.209061228270287,2.922697907335742
-0.8397218421807761,1.9697878987398885,-0.11472496935438821
-0.5993926454440222,0.613907257816094,0.09814573053681806
-2.123895724309807,8.647828191273176,-0.7059490279904984
-0.525755021680761,0.5456841649907074,0.9718677833590963
-0.759132661553698,2.100331883510486,1.8574385462821392
0.15039378647620763,1.348904228690767,-0.43861750909567804
0.34175597577715944,3.675691541054456,0.3942827894741344
1.8761708392158862,4.766018196862479,-1.0615023618026325
0.9504238381860503,1.0325217892970404,0.6403035728594374
-0.5769036556624031,0.4707548210218954,-0.5469658397585405
-0.898414671348358,1.5840298579636651,-0.1161153957711468
0.4919191715065057,0.5077757480305523,0.1230564806571619
-1.3202332070206422,7.488640313910478,0.10103250396992611
1.8314587658543537,1.1462953769171271,-0.5117180587534375
1.179440120721287,0.693973466918498,-6.19211554174067
-0.4691756521047048,1.202833839729674,0.3150816796277671
-1.7131345290908775,0.25998631355383844,-0.4197767231453766
1.3538723741654128,0.37847167699407475,0.06571383824103777
-0.11453984525261789,3.321491429947393,0.4074007965512216
1.2378163119734618,0.5184590257779609,-0.6555154843455617
-1.594427658794367,0.35102038415672754,-0.7647714473574441
-0.5993750229537729,1.7102725649621464,-1.056752958236103
0.005243699718183166,3.272990701891367,-1.3349330066958593
0.046980593764742055,2.052283982296386,0.5116993826638669
-0.45006547147924364,2.707559527513308,-0.7475385503916707
0.6228499323474987,0.469167660863293,3.0679498013126865
-1.0676204293825944,0.2412767493579643,-0.13463489772167817
-0.1423794850212935,4.487670071130808,1.139350624869347
0.12029563171189886,0.7242056797841598,-1.6891468531402256
0.514438834058749,0.7781522993402116,1.6611623188359492
0.7116148780888898,3.7742215210638026,0.8866933931470448
-1.1246420918378692,1.744084906812574,0.7850735574664828
-1.5341141707356223,1.5775732870651364,-0.9417057876438034
1.277676821898509,8.71462235175468,0.4403294114457875
0.33231401197959165,0.5254405473921098,-0.34480727041118414
-0.7484865365565536,2.529040869965168,-0.7757790184040316
1.551151975522523,1.0586697052352434,0.5538878096554138
0.11567463429285867,1.3081216834431149,1.0373548345920631
1.1792971840638264,4.6111091583617565,-0.5981533900484046
0.06751848141010895,1.6616909962102773,-0.31093969616768186
2.060747924881987,1.7130854118084908,0.35403281232877215
1.7553408424432044,2.922698511550523,1.4085818438013713
-0.2489641484790735,0.6942294666465954,1.3897709006735002
0.9715709509543554,0.4320518532201144,-1.5627128333897293
0.6453759495851475,0.35175893068237324,1.3208637192745414
1.3686315575323487,0.13996588153762288,0.7097459436346208
-0.9649234605801045,7.816267430577023,-1.2867828267906827
0.6860514599984393,0.3318048229153153,-2.9498860880243636
1.0584244868495878,0.8015133718139691,-2.50956436558689
-1.7587394864231143,0.7581960391818722,-0.6658536705595349
-1.183258512665775,1.3598939215003687,2.8582231563319747
-2.0392321777601006,2.2608417790457476,-0.9080402724831841
-0.26940683444455776,2.364279887728234,1.6006576767133358
0.7175422557959623,0.5581779623144216,0.0003710432592764829
1.502357052096028,0.8460966234460827,0.7352212125310039
0.07409478041977519,1.3265478290038437,1.933011487894457
1.6286155455712918,0.7798208024172866,0.47398037492666045
-1.3801014582148914,4.98954925497931,-0.11717441033613654
-1.7033824393551547,1.6339084253636844,-1.4496716739851683
-0.05554769889661878,2.0852271330866947,0.7227175718231567
0.3840654489393073,1.940375029693447,-0.6453688902009211
-0.03269474809409311,3.2332048453022812,-1.6602945779259823
-2.0674421000398766,1.1984410158494683,0.1997631670846567
-0.08912003951278841,0.27339655702342225,2.445250491941457
-1.3044695005048532,1.491359248984001,-0.6151004924915354
0.6696725488300385,0.5213378964552847,0.032615155619385314
0.36659824609684827,0.5894197611030891,0.07122724039676234
-0.9398797863273552,1.797441057601717,0.176503468199366
-0.5138669173366935,3.44968551368121,-0.9995766563860051
-1.0592135218889516,1.0214994294520825,-0.44086159951738274
-0.06267909727317188,1.3618349422374785,2.1403467097404145
0.9551423205012383,5.486085319592816,0.615544608931916
-0.9857260463355437,1.2722069897735206,-1.6326482749888112
0.5040465155178444,13.486418124645619,-0.410673331423384
-0.5302576183724408,1.7603447061353452,-0.7672481578906004
-0.7928728322623442,0.17191368506321814,0.4847034698289061
-0.10703035995455783,2.1240860613910546,-0.00044738473515702846
-1.035242322419374,1.4639794592632156,-2.3534246152639198
-0.553649305347182,3.6318884751366003,0.19744057731761472
-1.1978778925888485,1.9604643359272818,-0.6667392601683565
1.9647251329163893,0.8707015752403398,-0.777046359409714
0.03526355197172861,0.2939639211680286,-1.442112544835417
-0.6997255079925856,0.8113763650117772,-1.0465043354839847
0.213979910734222,0.4271925399257285,-0.6725036712245615
-0.11232804969082982,0.5596053645673683,0.8458360141521692
-0.22096959953322298,1.8014256954485222,1.9763609649381715
0.6141667000434252,5.311660532493107,2.4485010952856627
0.7575077100473051,1.4838966950512686,-0.3123282591527272
-0.5305011476105275,0.30243676580162476,0.8070778165028073
-0.57581824064468,1.559870286648669,-0.49358703463843506
-0.275051697151644,3.3089518798996256,-0.14088297118932802
-2.301921164735585,0.5434688410063708,-1.5036339912079515
-1.5151910621985523,0.8745750509306257,-0.3903317941630625
1.3668742674445247,1.0147965963525112,0.048137185024129885
1.6449677135012837,0.4561660855505145,-2.1190469140409425
-0.24903603955637832,1.9122497602497985,1.5764772281111363
0.5765569630557664,0.8860799028783346,2.0489873445381828
0.3112501545435361,1.5212501195511294,0.6006685855614285
3.0788808084552377,0.41168689678732306,-4.557786320358075
1.1195749114345768,0.6456754503239895,1.9350859800360134
-0.12791759148076653,2.0593313810852107,-1.7158224554554413
-0.9555404406004258,0.6887801447836704,0.3559997692581999
-1.6064463202575725,5.623554016065859,4.782628744470691
0.2034636358672231,0.6705639624786724,1.6116543033515127
-0.7563507452843033,1.2519279533216743,0.09769804927029224
-1.4222537095976742,2.5410841784608995,0.9436882177280181
-0.6465728842425266,0.24210936511877298,-0.12782712486280562
-1.081548003614395,0.17190576813467187,0.1574109801437979
1.6871416350725648,0.21747827585460683,1.7249865108590074
0.8816397569494505,3.5345433219191214,-0.7626569192428926
-0.007972641316617372,0.5758787488626319,0.5087331737217522
1.4799441388900259,12.912544563987371,-0.7633319613881084
0.0773683076476183,0.5687879426119538,-2.639816824451501
-0.8612842013282637,1.2026786809635053,0.7608061360234221
1.5231240772696573,4.674442725659324,-0.9600081951802873
0.5389100436846587,7.434214223342266,1.2268438553400178
-1.0372461543264564,7.857775700521294,0.27167680579158837
-0.1903386780836082,3.348010305045738,-1.365625629720996
-0.8756182533847572,2.78448385485832,0.30155756954062224
-1.382799730964336,1.8085527669966086,-0.5230609412550877
0.9261775475316414,2.177899926805599,0.6540419028455646
1.9094166404701305,0.5762661169828887,-1.2262498295786948
-1.3985675738191412,0.4412256380741126,-1.283076354350925
0.5629692366905709,0.9966312296717192,1.2530491122683949
-0.6506425691218269,0.8435090714452242,1.5120616295299065
-0.48712538376469605,0.6355731750631838,-1.525128577764707
-0.5923939242388692,2.006491044472505,-1.1294112182775145
-0.863990769679816,2.5994638405017114,0.21014711826986812
0.04852162794482699,1.092432527431013,-0.6248687764825585
-0.8309501164110378,4.382108849714768,0.005708456546593554
0.2704568257798388,0.31927926696849274,1.702541306682574
-0.05023810944913695,0.8239384410889566,0.07213230716327294
-0.23894804686640975,0.4883014587064905,-1.936174670202105
-0.9075636620415979,0.15465837650046269,0.9717105090892372
-0.5767713305683327,0.9206450752963206,-0.26362848571759706
0.755391225825756,0.8853718892625958,0.09130777693428406
0.5009171876243808,4.542373819978306,-4.4899771259129775
-0.977555244798551,1.8791352254535933,2.3966387385514056
0.09933230542922587,0.3590883486224681,-0.06921131459313093
0.751387123371789,6.385900839227529,0.9523119977487918
-1.6694052811213718,3.3906908646986365,-1.3927155984827764
0.543360192379935,1.7897889421163902,0.8422674631442159
-0.6626237589458467,0.7973320207083814,-0.08869124999176545
0.5705986685931593,0.38310765845704003,-1.4572624844684818
-0.7632591565425169,0.6892117152985072,0.17749328919065102
-1.804882100664519,2.9705544524093894,-0.4403331763175314
-1.6275424378831627,6.583630269795637,6.208756407026458
0.048084946661381994,4.6797445648146265,0.3398891081781162
0.25972250172148187,0.6133316744289541,-0.7500090046340053
-0.9043166251044086,0.3264046422906886,-1.6142248995927322
0.6385924587773739,1.1512936773238198,-0.5943730982610359
-1.6615200622689599,0.17059902389129963,3.0346841488758898
-0.06607979864731657,1.381497028125159,-3.7404832736460705
-1.2110161997624567,0.8627739249977725,-1.1901997403028157
-0.6518361078021592,0.6274843792771734,1.3039278837832493
0.047398671316414016,0.20296878763251416,1.8828236956219195
-0.8604133652839524,1.671297225405264,1.8284202897088506
-0.38455554422982535,0.5870173868993741,0.5294845790335372
1.0062928092144405,0.31039275378503045,-1.2816089023990878
-0.5768918695231487,0.05657080648720937,5.0990731588878475
0.8356921120651418,0.9728601819151145,-2.1180227447546387
-1.129706854657618,5.884087048131264,0.08682169503138766
0.5298041779152828,5.265937616562294,-0.27665883122841833
1.4415686206579004,0.6331193952179494,0.4543035868310295
-2.4716445001272893,0.5475989733638023,1.0612278764672545
-0.7968952554704768,1.5980342115182546,0.9768138350874292
0.57707212718054,0.3684738846540336,-0.20256814117424402
-0.2030453860429927,1.3522797877587847,0.11639871345176436
0.37114587337130883,2.1513171412183474,-1.3109349038143097
-0.6039851867158206,3.4107534633573287,2.07408623589601
0.08658978747289992,0.9046980146113293,4.432372052305909
-0.15567723539207948,0.8157284590447815,-1.617545773312098
1.1677820616598074,0.41562054486280225,1.7092813892296854
0.2544208433012131,0.4374117297816855,0.9506130619743964
0.3376026620752022,0.797336172385804,6.520289507666514
-0.4118769661224674,1.44392558732036,0.4974010502327194
-0.48760622407249354,2.4932438814059803,-0.7354369780232326
-0.4325581878196209,0.447902837495144,-0.25799449594308965
0.39445214237829684,4.449041007225344,2.3235339756159656
-0.42098448082026296,0.7625222420361187,0.6482426130558729
0.2897748568964129,0.9788593690206407,-1.879740241170975
2.075400798645439,0.47368550021973355,0.5832784493804501
0.8711247034316923,0.088545364925549,0.5782292340209836
-0.32602353216784113,2.4206725054113103,-0.09012817035618656
1.2012139221639448,2.08933095414139,0.9397879882915571
-0.4080753730215514,0.7547810610749254,0.06186815192850012
-2.038124535177854,1.0692855521912012,3.616175029846626
-1.008086310917404,1.675211151123118,-1.347995311734592
-1.8707919210258557,0.20960177524588688,0.9376679215488295
-0.35151348404130867,0.5891628326966326,2.1818859298459445
0.0184183791895517,2.2128132717359112,-0.32695040034646533
1.6764373122752827,0.285278488504426,-3.3171354006327176
0.32692737376416264,1.3411908752528763,-1.140946055818848
-0.21910052880886424,0.2575395947645011,1.5153004925135405
0.8294055811834892,1.594292369702196,1.0996932471462246
-2.211135309007885,0.9649861961072994,-0.5328926727700833
0.23561455810856594,0.19886445521482793,0.1443574395877717
0.7708651938869668,3.2050873825821418,2.507763454459765
-1.4785862457798415,0.4797013401282825,-0.598010187301404
1.143754043206929,0.4447457817538549,-0.12580660469088398
0.3384964074944141,1.2220981751239102,0.6451705153022687
-0.4152879139008013,3.153892327078277,1.1444751622794596
0.6327818661062848,0.362104722985161,0.8163649248210664
2.270692857804396,1.0636217715418042,0.7515890728037701
0.18186625505849516,1.535439255949122,0.08912363027840957
0.24822058630033608,1.9999168551347126,-0.26101869903315483
-0.4593608995402441,1.1929647022308,0.12507632170714136
-0.8498443694647918,0.6927903581274231,0.053143361279041394
0.8303358165442456,0.437101335982521,1.5540077259291356
-0.8560838259088672,1.0899631442409103,-0.5851918561405696
0.07156623721939247,0.34227560222542086,0.9043174581312918
-0.4776574467651167,0.05386089990600342,0.3166044220122188
0.47897982574639186,1.5473747791707726,1.177340921699826
0.3336621052869483,2.4693003245194385,0.07579629687619326
1.0375399442578992,0.09414374754956158,-1.6265194796367264
-0.510016398854747,0.36431707523503054,1.6567559098651192
-0.26987493529337125,1.8573565385473028,0.4721978956069709
-0.9787637157823074,7.826343928354208,-3.230832025687885
-0.4442932600761116,1.0210114030949073,1.237723007300684
0.3773004930448522,0.48287235229091036,-1.2756338945459536
0.7569886166453519,0.8328544007528655,-0.21630349368881233
-0.9221653241776254,3.954587981370335,-0.9227738820863777
0.8696059201056602,0.5241569172317135,-0.5503691173781687
1.355637858804951,0.4496921656445263,-0.5771063213162025
0.41343490322370086,0.6170880724813108,1.5147665751241
1.876795812558066,0.38545585418896333,0.7320266978745613
-0.773789199103573,1.130511647894201,-0.3257625376710955
-1.244654703311417,5.076786377048739,-0.673334330584107
-1.7787202489042786,1.3813748524542664,0.5524284483759727
1.496044311489183,0.7769700289593808,-0.5669683612302625
0.6543656563540577,0.7469094877095576,-0.4222490155826419
-0.05558467091045507,0.2094666357854431,-2.2781628017380693
0.2799686263198203,2.418408736882515,0.39235300201815815
-1.1254890472983765,0.925115025773902,-0.7378901085757432
2.4457519796168263,0.8348694500580729,-1.4212236006120098
0.1292211819752275,24.364022777198496,0.02808206138925696
0.10939479460489289,1.3481764591889076,-0.022613847707765516
0.725766623898692,0.47152127777263264,-3.154090699834303
0.4810092317367132,0.652882831948619,3.5135897688234525
0.22388402427913137,3.153287972332329,-0.391456866589172
-0.7904744554453119,1.1199347341601469,-1.0248420996428598
0.4714683571359957,0.23733610490941104,-2.933194818462421
1.8820244964750337,2.5073563086232826,0.36752353690534767
1.3454200461549777,0.5126591469505597,-1.5855763045210107
1.593186626639397,6.509728668835492,-0.17636925435888234
-0.5112156764311852,2.944821092594177,-0.9817930625230079
-0.9896048202585809,0.639338074997343,-1.0113359227329108
-0.12578692009964815,3.6002970708393955,0.33404371299786006
0.055724912288694604,1.0702106631324477,1.6283095130451528
1.0941915184709485,2.346145280292322,0.24894682482043168
-1.6924646297148194,1.6237411153381216,-0.5133550140981648
1.5295503194606137,0.4289749922010539,-2.338229881577641
-0.15800789857898942,0.5254239427152375,-1.470147433648703
-0.42688106994742003,2.800956084314506,-0.9686842165652028
-1.0121043752601675,0.7154988179084658,-1.6088736750923087
-1.6548566718657693,0.6678788639767476,2.3370021140293273
0.8231705839619146,0.3847649774215933,0.14267462041650575
0.07331796718840389,1.5274490641161131,-0.12956063937989024
-1.2899608997410539,7.865805281417042,-0.11057549472157549
-1.295078772063616,0.3438557935643979,-0.18533338764684792
-0.3357846992901282,1.02451512990307,0.183205307364954
1.669021525289393,4.105060805808152,-1.2611849209141697
-0.2595913513636048,0.9234474433532606,0.4884235598949982
-1.5031429531181062,1.5720363171450566,1.0765408380625832
-0.24574306408594432,0.3456275502237447,-1.4017168874821806
-0.2727235697476705,1.5346572975800077,0.9214443216917015
-2.6968866429415717,0.8293240853119401,0.4926623248687462
-0.05429486651781221,2.6797673891963423,-0.25732505751591844
-0.23093453020867796,3.278500166689482,-2.678960785789466
0.6962063648134184,13.323956319831593,1.7103871218787747
1.8489560949453452,1.7853833841637534,-1.9071002119091756
1.1265650295477574,1.385133211471701,1.0869625230434536
-0.26888869055483056,1.214562951737842,-0.2337936367791759
-1.1065259087416703,0.7024603695547794,-1.9651427004609536
2.5733598032498604,1.4028190840704362,-1.623000627006651
0.05921843401448826,0.7442327849130722,-0.04476982429621188
0.013929291912946203,1.1834820420595875,1.0446982528285838
-0.024125087110003277,3.7344387352568984,5.089870058587585
0.19808476076785494,0.3654804223387264,-1.4173244474548377
-0.14436041192394247,3.1263886770210685,-0.10480688035794254
-0.5736620068802363,3.7326374216412663,0.30930568005485226
-0.5468589412403921,0.8886351550347359,-1.6567633901315988
-0.03275327021599839,0.11980918832854645,0.1744767109731314
-0.543424771133765,0.5445355839734334,-0.12457061393116006
-0.7128457826771644,3.6582853226620813,0.6130722759528129
0.10643022769189683,0.9773914300450252,1.4497371651806568
-0.2549772174208553,0.36813622514222044,1.1735720195882653
1.5039929885826886,0.6036414270088016,-0.24384706428859038
-2.650969808393012,2.3178036310368006,3.1693251700229776
1.0915068519224618,1.7276007015732684,-0.5086543481138529
1.246085192497629,0.7874683503122343,0.9782353469242675
-2.0733902324081495,0.6929313049134372,-1.2330300663061122
-0.34268759408034877,0.6758675534098778,-1.7746373834356917
-0.37144086599579146,0.3975596932363937,-0.5083541190170626
-1.4075116947178212,5.029777202884099,0.4531207689237484
-0.7778166875908753,0.7244659840818524,-0.11258918630867153
-1.1105758454658288,3.377576771357254,0.4273112441754074
1.7522704434236227,4.578246442167906,-0.5683089198762328
0.9356783931474612,2.7136942491233276,3.1044121278707903
1.2715550949941588,0.649455920030523,1.1629038125751232
0.7216720640432351,1.4973997297525092,-2.5371789512796545
-1.1290517712172292,0.9760947607097564,2.093651711735983
-0.5245202662797737,0.4050673778179485,0.9909676767003046
0.48937456122791806,1.3831441562734164,-0.18735863231896172
-1.2221278088919454,0.30757393206334604,-1.2621567747215354
0.7129984301723881,3.2794620128201606,2.8027162499046434
-0.24032539815813503,0.6283755401959997,-0.5310376795850016
-0.3748208075495975,1.222819986631608,-3.123778826317611
0.7109599682034915,1.32748725262588,1.8508297086728775
0.44426331148603976,0.7718963700115813,0.2630581568109538
-0.3609661658190799,1.7980339203556315,0.17531020250222357
1.159329803364248,0.6219449738580372,1.7281310419873772
-1.0810633275998973,2.390009396336512,-1.2066031840169895
0.6159356069442637,0.2602845872434107,0.1104114506371903
0.5931012579683838,1.1347128003183506,-1.342100425435383
-0.3095464393139903,6.951302131363508,2.54514473882399
0.326133022242118,0.367757573850633,-3.0724175669362106
-1.251113576385303,0.5077607176984851,0.28570051864851753
0.924027019206901,1.6718116347252758,-0.72458508681193
-0.18490213644298903,1.1967167698841885,-1.9048839168654215
-0.5227230205190395,1.4199619837866473,-2.754101616022986
1.0490092258368893,1.6309898984471132,0.03779695796489696
-0.7043436905427592,1.8864966196582742,-0.9934245456319347
-1.4084612963635597,3.0334477440322427,2.2982393883627026
-1.5566291735239037,1.5065445589221165,-4.240839051922072
0.6060099513456396,0.7856391767460263,-1.1085587708273492
-1.280429352496283,1.959273421508017,-1.0215029040057488
1.7547941819843647,6.685105118048106,1.4782661232111265
-2.081929407883722,0.8757857930910491,-0.6117854562765951
1.6964563682900382,0.3773699380330604,0.9718807901994976
0.2110174672026184,3.025513016354472,-0.8985778181947615
-0.09671311187039239,0.8865824390373295,0.28912066394189445
-0.5449190868089497,0.11387322098895249,1.3008054666373075
0.39913611435207086,2.3336222570006027,-0.38524772965282666
-0.037634702424848364,0.5854771132467286,-0.62258298965414
1.1033018820165215,0.9134439318762565,1.0047084009862128
0.11422764866203965,1.3937254344566623,-1.60460051268866
0.1503017614618776,1.2098539862168407,0.13869382059990723
-0.36361221221385587,2.0328765650552922,-0.09963389647138118
-0.056945623721067457,0.6469499331379357,0.35075927309482796
0.3078017688920592,1.6704712933078907,-1.0539580804387207
-1.7101683926566256,0.7714012000093583,-0.32882411962721464
-1.348185422105713,2.0934438413815077,0.7511396192482739
0.743264094022715,1.8503364436965788,-0.6737839011082055
0.17086543812794186,0.3924136750825431,0.1881975565567338
-0.18398333635267913,2.9623477601889383,-1.3903965128508342
0.01843393306539316,0.5851053016583574,-1.8673007696221702
0.34758170536167105,2.2435463328977203,-0.11868125835480997
-0.5397596803093615,1.4438126862620335,-0.5108897068224296
-0.7783047254023127,6.285112092421618,-0.2634450787923281
0.19584525509768155,0.7997420967341319,1.6556337882402798
-0.978372777615032,0.705169699857294,0.14356673075743057
0.40825275571447184,0.980767739971091,1.5640301916210553
-1.7025836042378404,0.7384663208672796,0.1579258077567783
1.0291556373256436,2.2254116326425892,-0.11652223498642593
0.472597482413043,0.1986301733922839,0.838032348504411
0.25602973431387566,0.3486515013489718,0.9127537428611089
0.9826909839455139,0.34376296251451494,-0.25261357310207894
1.6654744444625766,2.586505125186236,1.0660080899615105
1.0143700650181304,5.5323538312829035,1.7606872765559975
-1.8408742313316453,0.9008205412299636,-0.20480931746095332
-1.2795769667357015,0.8446594731604884,-1.422720466977825
-0.6248185776956788,1.0725641280790308,4.610968110047192
0.026091050210833786,3.1959305667087348,-0.6975025383790912
0.517659020469123,0.39559942441943186,-1.0229568418996853
-0.7257438131534656,1.2691774109894236,-3.9363820274270553
0.18676676447707832,2.6516912123591316,0.9894396787986411
-0.7553829323533225,1.6505262392447968,1.2758133659484188
-0.6115178029919482,1.2087437735192055,-0.44877765319707863
-1.4066610968482223,2.7211268907149826,-0.30549904429420843
-0.9232332461109043,0.06698863552558408,-0.05464049905619575
-1.3516846056163336,1.9696883249163584,0.235829991342504
-0.9758732529773327,0.5199224136139031,0.37672832170689746
1.0536417966078395,0.16031207465312158,-3.4652516416137296
-0.949398888831943,1.6672950780388016,-0.5235877855762393
2.632382064837391,3.9497747231114664,-0.8824106243756932
0.4933179008808892,0.8715792224227736,1.2458436479640462
0.1848361236948739,2.593153096915571,0.15442371476313
-0.8583577801812136,5.014221915789021,0.01182485904032057
0.7003098794089914,3.7244323597829396,1.360904073525633
-0.5756378262377739,5.154986658374496,-0.3796604746713088
0.12200981464536144,2.100399345285101,-0.0976716089325875
2.5600845382687947,1.0783516647426372,-0.9337796579919395
-0.09605989972464987,0.20150001726819428,-1.5508743599525618
1.1492733262856758,0.7818733655944564,2.431791919389352
-0.7031764251258874,0.4303112068022781,-0.7409941633609186
-0.0349884904969617,8.766544521394922,-0.4636122060722785
1.77080063563551,0.8387137485522845,-0.7353517347847871
-0.6269670577877674,1.1311160574689243,0.3991234516562755
1.8124485579969287,1.7358294633937208,-0.7927401057224276
0.7077519354554754,1.0445670009307428,1.2379818953926218
-0.5624667758942676,5.4469239714637405,0.5706326599727328
0.632407739055521,0.5365211144679031,-3.3448012461742374
0.9725544496267299,1.2148340161490923,-0.8412419726499653
0.6218099622171964,0.4759366196090605,0.7533942690294255
-1.5702247198904564,0.26712928849179507,-0.2103467167617842
-0.7271371758248686,0.5423904817503571,-2.464725510187573
-0.24751863555150475,0.9636406755640592,0.01423320420157925
-0.07443342910004629,0.6509631624211439,-0.26650735676099213
0.620672097550678,0.5003632322168241,2.592513203028822
0.17770100093325383,0.24504400711939206,1.1983193681390725
-1.3353443587101013,0.9202539884589336,-1.5253899904265764
0.3801978510059632,0.2220793843135224,0.00587521681843567
0.6105857452838231,2.13839588967204,-1.8571756302328544
0.5597904479310398,1.0859332471767384,-1.391664548555554
1.0807807255546218,0.23280560208743334,6.039375828944419
0.8339221545489041,0.7340272857223816,1.5099328068425995
0.4591800792284367,0.4713490363491922,-0.7592748700437338
-0.07016571145864703,1.3759914287961428,2.409659934321494
-1.6609609335159914,3.8207641658287814,0.4866087224827226
0.42961821913258585,0.15332852004882389,-0.6714050058463112
0.20768768716311115,1.1219026954562088,0.7362532259975002
0.27157883719537346,0.8520306355621979,-1.2143894963618787
-1.2767485758203094,1.9568579035464961,0.45165116310411996
-1.0810565404082624,1.2376279799287797,-1.226362940186455
1.0531528533329035,0.47143722167727464,-1.2787311458152288
-0.03955515385665504,0.7268363458462799,2.85626946196957
0.6815006973726244,0.45111821477720826,-6.003863202495093
0.028318376130461172,2.932945295963588,-0.25189958987347644
0.02975613949574519,1.021540363731874,-1.5219896425693122
0.9382838059759977,6.69385998282454,0.9818368727157414
-0.5160447282173739,0.9411424081475167,-0.38974150786509326
0.09612077694098337,0.4924281255889291,0.7333894683872937
-0.4622752887050425,0.22009095359981493,0.8499398341927347
-0.4344962274323156,0.16478071709754924,-2.090378970224292
-0.30917212346863937,0.20512495621943588,-0.952055488596485
0.22213377163371284,1.3062058681494195,-2.087714258707637
-0.4787486216634773,1.6631693403020593,-1.9451943128534883
1.2557561255735208,0.2057299891917411,1.587196288937058
-0.8946073022195039,2.4474295586683574,-0.8180571080085245
-0.18687164416135904,0.6168921599189868,0.25414524512386044
-0.4397310582741749,1.1581142224555854,-1.1051875999990048
1.4469778843537329,5.013932955844124,-1.1887678920921225
0.19655477651157463,2.451841355317308,-1.553509678314635
1.0318445394686349,0.7645019920657404,1.4829711826586887
-1.485560373036972,0.41016645026436904,-1.5227571642279372
0.26705026586925884,0.11627288410990108,-1.0886580579290697
0.889630795623437,0.48716455424668414,8.0644234310817
0.08228398927542419,0.8096686097235657,-0.3332441050969752
1.0654803750653512,0.37262619233957406,1.5189838113283507
-0.5172884501003722,0.8769923872500196,0.12556247569987752
1.40934744018558,1.079882115602591,-0.41475522037849566
2.2988981236192503,0.7986312279029284,0.10028993849175805
-0.36283856043965906,0.5220444294547669,-0.10265843635111185
-0.4455025214007718,1.1837112996411323,0.6171759474004829
1.453384477117701,1.5557234048400983,0.5758220809525073
1.5795721457307124,0.336082344058012,-0.47363306049444076
-0.5228600271532683,4.099776170857548,1.4523210251739649
-0.42018681709585726,0.9061158310371359,0.038979337652506725
-0.2817846088605072,1.0190283986053552,-1.6908739118073568
-1.344450511034277,2.0303626517011173,0.19736174568559217
-0.9186519464841982,1.2626543489181719,3.5819753008142543
-1.0041407667520679,2.593832816948965,1.6096994714565556
-0.7677975651041284,1.332589664468473,0.5786552634560189
-0.03468488738678118,0.5420281321029753,0.2743578622190258
0.23421473253652075,1.4354860823596993,-0.6547267639328327
1.5505004928140769,0.3186295273637,0.9143907729147931
-0.998354040738791,1.114671458876622,0.27156785118172083
0.9843223984765838,0.9673160603595228,-1.3360002504950248
-0.21398884422550896,0.8121121299582715,-0.12119958384704829
-0.04946370965243295,0.8793805749689816,0.6381121296227479
0.6748194921666038,0.15230822039858924,1.5891294463144543
-1.1227220215622986,0.577685943836855,0.6233703583359996
0.3824097461840506,1.0972915334046702,-0.7317860800825406
0.1664522082130561,1.1733423575398279,-0.05017380700393224
0.4924512640081491,0.3578379169949415,-0.05664177582167996
0.2891686439078181,3.545601569757762,-2.282201264586865
2.4553001399108942,0.420557171430802,0.1537522772454886
-0.637739984251316,2.6365129730312753,-2.1296513760464855
-0.5309969550018176,1.532950579915025,0.8948666199537871
-0.6231405264247644,0.5240190135892111,-0.6392309379160372
-0.5554771191602547,5.902115775291413,0.9927756284256126
-0.6373871273065177,0.3031168719739411,-1.6920101823140834
1.1890165311075518,2.5071688632524305,0.37752903748513705
1.4205042479898549,2.71986519398007,-0.26936058748821706
-0.5707462937494763,0.5113913098783904,-1.4138732251356114
-0.8323555731042287,4.024760073656226,0.8539147288781704
0.4714155563864041,0.7787645583078129,2.147878098436702
-0.5522230442809712,1.3346827581656535,0.2395418444226349
0.6329318177555108,1.2973475562265653,0.24089820039429
0.2029230208512997,0.8743200840599015,0.3219154266076722
-1.515744114997232,2.2497256448509626,-1.3050992011706861
1.5475052013300616,2.2110968852173096,-1.1073742263338784
1.7958776730955217,0.17402923559193675,1.121011271426334
-0.6127886904843862,3.6852569169734686,2.106463269560847
-0.38770155993598415,0.189665745929838,-0.27419380577471075
0.28586539072490497,2.8082070082741266,0.9117021420740815
0.334456789987025,3.0854735205025747,0.457945150658096
0.6585442726728304,0.3358917208887771,1.0826167602351189
2.0102045387663496,0.6631100676934524,1.3978137487928917
-0.1769472274940494,0.33097757058440674,0.7843320132693374
-0.7982972445384537,0.8066051350369299,-0.18296228722504804
-1.3793192280145272,0.7348901224677088,0.42453711997769444
-0.7309300399419191,2.180731851739134,-0.6173765934237915
-0.033126972873797095,3.7073181556245784,-1.3475183859513877
1.7945578635177877,4.037734675368632,0.5387477433210034
-0.5176112990361714,0.5699720088851917,2.455963951203072
0.2237879516388985,0.8112152283143758,-3.56847945388857
-0.016422896072752075,0.18573428680223913,-1.3347761437643961
1.188393273448084,0.44669909951082953,-0.15907096775458016
2.5269324258736217,2.624398253748105,0.3081740647126585
-0.5308687729203206,5.030819149059092,1.099371638648195
-0.48943944251822213,0.2910241947256002,1.6063183400717822
1.044160877069072,0.5529629603642228,-0.34122372311692056
0.6818914896263114,0.9739398265616027,-1.988410924552428
1.8467073257360336,1.323343063559376,0.7844214543162742
0.5839281853259639,0.4450344785535699,0.596965053792878
-0.35929209078705954,1.5281548763323083,1.0890783430818611
0.5906548306923093,0.6226072682148759,0.5842420958015789
1.1087035805829077,0.9856516618978541,-0.10102983504276329
0.820482181197364,1.7268246300498875,-1.8437192990973763
0.5072740311072977,1.0064429368050156,0.8173164606426985
1.066674689589154,0.6463682504189049,-0.19295895717292397
1.1692955904456728,0.8961837544648052,-5.345066477544569
1.3821589910375272,0.9154285531968228,-0.6382415444147632
0.6487098875896427,0.6907267119611228,-0.13637031673828873
-0.16711808031685435,0.771980442623811,-0.05864125441656371
0.14671368643332283,4.94633634638745,0.57146977557167
1.2065089665083568,1.7522828927448424,-0.6291025284457191
-0.8169356709872361,0.7441740613911535,-2.1228451264109136
0.3686733088729012,2.007628961268493,0.40343376009299187
-0.3933388123273607,0.71618304893678,-2.4379278500095385
0.028744822934817487,3.2320759429628345,1.9768058746391242
1.2784518626072987,1.4472166965861983,0.004732499326792516
0.19109906801990334,0.8982542298550887,-0.7820343782763819
0.04643654815614881,1.5647356966662267,-0.32099530775077406
-1.3598561409799192,0.20786298296899774,-0.6837277750989853
0.7462535660272207,0.32407916101561873,-0.41680053735490963
0.6454841811410754,0.30302953396260596,0.4089072815192626
2.16325472330546,1.153664150267,1.3998995072565292
-0.30777823495300083,5.654858004263451,0.7964913662556852
0.21915032766393897,9.311965128520754,3.5521119457427894
0.24938368371075526,1.892788429725199,0.3675965097502629
1.5774532797634744,1.6501141625519853,-0.10230772428893495
-0.0952955323869521,0.1651241383778363,0.7820436923299042
0.27902152577033923,0.5811921814898043,-3.1026178449221424
0.6078965097165392,0.4548517433550715,-0.4226538913502335
0.1866091231563581,0.537488670011361,-0.7362446438050669
-0.44643361455052827,0.8452322658346474,-2.6039015941244186
0.19408999289830758,0.6236970173196361,1.1455470616278547
1.073631749859772,0.13816594581147407,-0.39398899045197355
-1.0265152994110602,2.1125806480612677,0.012459418840484024
0.132969674146876,0.34206892547803236,1.475544522917375
-0.7001208149391732,1.2702920874070796,-0.9176390744982124
1.1950466289248425,7.957243689677881,-0.9649667770724326
-1.5231869047837747,0.39876436853591424,1.149854996164631
-0.5589218472715883,0.07963611979797884,2.3070465911155873
0.37721187506452086,0.7512594442128852,-0.28948026804834814
1.5655240292343404,3.007050310514354,-1.6811025132560977
-0.0657502610729878,7.087604790643824,-1.0290082738097006
-0.5551995266931984,0.29242425753180584,-0.03456866426033183
1.8811570694405901,1.6432881814805227,-0.19180540548604197
-1.448013900416244,0.6279401266552153,1.2939784985623484
-2.198805956620082,0.8994711006872799,0.12653797701195463
0.4400144500533324,14.074200182578107,-1.3038843787245553
-0.5020542243526112,0.22246837364611577,0.5773434333096996
-1.0212328171307132,1.288836226890795,-0.1409035275374186
0.7083564472993533,1.5963075353154388,-2.2581912715995522
0.24380071377119883,2.9617678152363642,-3.865790530464156
-0.5640786307367284,1.1029442041703597,0.6203396697790121
-1.2803043986708944,1.3607697598281714,1.9052554417110723
0.8724573282801447,0.67594162013076,0.6496951570987006
0.650201177958661,1.30882127390382,-1.5191875797095589
-0.09917586377938291,0.7095017786368738,-2.988573143991076
1.8466369960476658,1.861852369736994,0.8604878338040003
-1.0700847663261526,0.6910035373560999,0.634966495754797
-1.5255251709247388,1.4580506814211658,0.181094513648347
-0.6919080698812444,0.9711611964713602,2.010677321930165
-0.045586016355497805,3.083453548417613,0.6956882856934433
0.24333944932269183,0.9499045970498123,-0.05811396079630003
-0.24123605785632987,0.16981724184060856,-0.5362001395398167
0.3520553965142968,3.5322020996598975,-0.3816060761210904
-1.251539424190444,0.40424574717585615,1.6972709651331563
1.4437646040732595,0.5200832736211518,0.04869769006201616
-0.0821511783925688,0.551197941403689,0.9142458901129876
1.1172958315881276,3.9528549625696416,-1.0857752768316031
0.34272534637770413,0.11816489508975549,0.30512422612843565
0.4567532191537839,23.051907794157056,-0.05492730937015815
0.5697672802322039,2.8750118876226987,-0.9667680673018963
0.44770856001731496,1.2501192092026596,-1.050541302041188
0.6427227598675439,0.9465854801133406,-0.8828409650769364
1.3291525301324314,1.3304990199833986,1.2010597206611633
0.19652116970147013,1.6839166652117281,0.0015323672711898358
0.7090037575885123,1.906397977592175,-0.5315192791816812
-0.08973569428722672,1.742994247177973,-0.9415624859479923
1.4401172154494728,1.093715572097937,0.7952967053552471
-0.6763923020592697,0.8209127727456401,-0.5320755551085458
1.8009404329108156,0.8596127484441412,1.81527959257724
-0.04015795064434341,0.8229101316218086,-1.0867605597578758
-1.4307751021180481,3.107349452929769,0.19621785259264804
0.12810441491078928,1.8104161252026356,-1.5152502219009938
-0.6810516574748808,0.05284518727543102,-0.40730774756837945
0.8406435489887241,1.9268774218357612,0.7255088366934341
-0.6526239793023909,1.2149904233181517,1.4350570731732462
-0.4461834332147797,0.9814651660247121,-1.4659194415421797
-1.889540730945531,0.6780607094498955,0.5256629416877507
-0.4523063192490767,3.0774850461854464,-0.3575436882464828
-2.4238793266289567,2.5793217122057985,1.8751909017571677
-1.5839028234857233,0.4616825857641867,-0.731418178470039
0.7604146561442974,1.5023826588774558,-0.47863250375342936
0.7858001586508322,0.3784555181007223,-3.2824513863026357
0.42545756178496474,0.2516746329518402,-5.394667597668539
-0.966976143129213,0.53434305318591,-0.4420557334933588
-0.047711356141979855,2.3688236278970547,-0.16891857101884694
-0.0036025390905684044,2.593802758395151,-1.1011472268109546
-1.1583646891925428,1.6704372526591025,0.2969917980101544
1.5033983017671506,2.0649288835228945,-0.46957098502562683
0.8773622905756714,1.675611690742559,1.4149545907529768
-0.22096417382966393,0.5265117685570099,-0.1566428567351082
0.02688583899453078,1.5402158126229097,-0.15478971428428087
0.20838280794755248,2.2264525302971525,-1.4351675252040317
-2.0417348684242906,2.126104282631762,0.1283179442507595
-0.24717738252059693,3.2835113111048413,1.082169206712945
-0.6819842479977986,2.030544222856495,-0.31239670856522816
-1.0016200098949155,1.421124141746561,-0.814919026774247
-0.2811002928859549,2.9158175345887876,-0.6305297958660115
1.7976865268495226,0.973827340777491,0.9282469522212002
0.6408428612670098,0.4140060667711003,-0.4329680103992299
-0.5711789897827968,0.84953429834284,0.6088217237779588
0.5725827813561586,0.4747805200394152,-0.7031196256895703
