Tiempo(minutos),Temperatura Grados Celsius
0,2.6
1,2
2,2.2
3,2.2
4,1.6
5,1.2
6,1.2
7,1
8,0.9
9,0.6
10,-200
11,0.7
12,0.7
13,1.1
14,2
15,2.2
16,1.7
17,1.5
18,1.6
19,1.9
20,2.9
21,2.2
22,2.2
23,2.9
24,4.8
25,6.9
26,6.1
27,3.9
28,1.5
29,1
30,1.7
31,1.9
32,1.4
33,0.8
34,-200
35,0.6
36,0.8
37,1.4
38,4.4
39,-200
40,3.1
41,2.7
42,2.1
43,2.5
44,2.7
45,2.9
46,2.8
47,2.4
48,3.9
49,3.7
50,6.6
51,4.4
52,3.5
53,5.4
54,2.7
55,1.9
56,1.6
57,1.7
58,-200
59,1
60,1.2
61,1.5
62,2.7
63,3.7
64,3.2
65,4.1
66,3.6
67,2.8
68,2
69,2
70,2.5
71,2.3
72,3.2
73,4.2
74,4.2
75,4.2
76,3.1
77,2.6
78,2.9
79,2.8
80,2.5
81,2.4
82,-200
83,1.2
84,1
85,0.9
86,1.4
87,1.6
88,2.2
89,2.8
90,2.8
91,2
92,1.8
93,1.9
94,3
95,2.9
96,2.5
97,4.6
98,5.9
99,3.4
100,2.1
101,2.2
102,1.8
103,1.8
104,1.8
105,1.1
106,-200
107,1
108,1.4
109,2.2
110,5.5
111,8.1
112,5.8
113,4.2
114,3.1
115,2.9
116,2.9
117,2.5
118,2.3
119,2.8
120,6.1
121,8
122,6.5
123,4.2
124,3.2
125,1.4
126,2.1
127,1.2
128,0.8
129,0.7
130,-200
131,0.6
132,0.9
133,1.3
134,3.4
135,3.7
136,5.3
137,4.1
138,3.3
139,4
140,3.8
141,2.8
142,2.9
143,2.9
144,3.4
145,3.9
146,3.2
147,5.1
148,2.6
149,1.7
150,1.7
151,1.2
152,0.9
153,0.7
154,-200
155,0.5
156,0.5
157,1.6
158,4.1
159,6.6
160,4.3
161,2.9
162,2.5
163,2.8
164,2.6
165,2
166,2.9
167,2.5
168,5
169,7.6
170,6.7
171,5.7
172,2.8
173,2.6
174,2.3
175,1.4
176,1
177,0.7
178,-200
179,0.6
180,0.7
181,1.5
182,4.7
183,6.6
184,4.5
185,2.8
186,2.2
187,2.2
188,2.3
189,2.2
190,2.8
191,2.7
192,3.7
193,5.1
194,5.1
195,3.2
196,2.1
197,1.7
198,2
199,1.6
200,0.9
201,0.7
202,-200
203,0.5
204,0.7
205,1.5
206,4.8
207,6.2
208,4
209,3.3
210,2.8
211,3
212,3.3
213,3.5
214,4
215,4.6
216,4.1
217,4.5
218,3.9
219,4
220,2.2
221,2.1
222,1.7
223,1.6
224,1.3
225,1.3
226,-200
227,0.8
228,0.8
229,1.1
230,2.1
231,2.4
232,2.6
233,2.8
234,2.6
235,2.6
236,2.1
237,1.7
238,1.6
239,2.1
240,2.3
241,3.5
242,3.9
243,3.3
244,2.3
245,2.1
246,2.8
247,2.1
248,1.6
249,1.6
250,-200
251,1.1
252,0.7
253,0.8
254,1.2
255,1.4
256,1.7
257,1.8
258,1.8
259,1.9
260,1.3
261,1.6
262,1.9
263,2.3
264,3.8
265,3.5
266,4.3
267,2.8
268,1.9
269,1.9
270,1.7
271,1.5
272,0.6
273,0.4
274,-200
275,0.3
276,0.6
277,1.2
278,3.6
279,3.7
280,1.8
281,1.6
282,1.9
283,2
284,2.2
285,2.1
286,2.3
287,2.6
288,3.8
289,4.4
290,4.5
291,3.3
292,2
293,1.1
294,0.9
295,0.8
296,0.7
297,0.5
298,-200
299,0.3
300,0.5
301,1.1
302,3
303,3.8
304,3.4
305,3
306,2.7
307,3.5
308,2.8
309,1.9
310,2
311,3
312,1.9
313,2.7
314,3.3
315,1.7
316,1.3
317,1.3
318,1.2
319,1.1
320,0.9
321,0.6
322,-200
323,0.6
324,0.8
325,1.2
326,3.1
327,4.4
328,3.4
329,1.7
330,1.5
331,1.7
332,2.2
333,-200
334,2.7
335,2.8
336,2.7
337,4.5
338,3.5
339,2.6
340,1.7
341,1.3
342,1.3
343,1
344,0.7
345,0.7
346,0.5
347,0.5
348,0.6
349,1.1
350,2.7
351,3.5
352,2.3
353,1.6
354,1.3
355,2
356,1.9
357,1.9
358,2.2
359,2
360,2.9
361,5.2
362,4.6
363,2.5
364,1.5
365,1.2
366,1.7
367,1.4
368,1.2
369,0.6
370,0.7
371,0.8
372,0.9
373,1.6
374,3.4
375,3.8
376,3.1
377,2.7
378,2
379,2.3
380,1.9
381,1.3
382,1.9
383,2.3
384,2.4
385,2.7
386,2.6
387,1.5
388,1.2
389,1.1
390,1.5
391,1
392,1.2
393,1.1
394,-200
395,0.8
396,0.9
397,1.1
398,1.5
399,1.8
400,2.1
401,2.1
402,1.9
403,2.1
404,2.5
405,1.9
406,2.2
407,2.3
408,2.7
409,3
410,2.8
411,2.2
412,1.6
413,2.1
414,2.3
415,2.3
416,1.7
417,2.2
418,1.3
419,0.8
420,1.1
421,1.4
422,1.3
423,1.9
424,2.3
425,2.3
426,1.8
427,1.4
428,1
429,1.4
430,1.3
431,1.3
432,1.4
433,1.9
434,1.8
435,1.1
436,1.1
437,1.1
438,0.9
439,0.6
440,0.5
441,0.7
442,0.6
443,0.7
444,0.9
445,2.9
446,4.1
447,1.5
448,1.5
449,1.5
450,1.4
451,1.6
452,1.5
453,1.4
454,1.5
455,1.9
456,2.5
457,2.1
458,1.6
459,1.2
460,1.1
461,1
462,1
463,0.7
464,0.7
465,0.8
466,-200
467,0.7
468,1.1
469,2.6
470,4
471,4.2
472,4.7
473,3.9
474,3.7
475,3.4
476,2.2
477,1.9
478,1.6
479,2.1
480,2.2
481,2.7
482,2.4
483,1.3
484,1.2
485,1.5
486,1.3
487,1
488,0.9
489,0.5
490,0.5
491,0.6
492,1
493,3.1
494,4.1
495,2.2
496,1.7
497,1.9
498,2.9
499,2.2
500,2.6
501,3.1
502,2.3
503,2.4
504,2.8
505,2.7
506,2.3
507,1.5
508,1.4
509,1.2
510,1.6
511,1.2
512,1.1
513,0.9
514,0.7
515,0.9
516,1.7
517,4.2
518,6.2
519,4.6
520,2.8
521,1.6
522,1.7
523,1.7
524,1.7
525,1.9
526,2.3
527,3.3
528,4.2
529,5.5
530,4.9
531,2.5
532,2
533,2
534,2
535,1.3
536,1
537,0.9
538,-200
539,0.7
540,1.1
541,2.6
542,3.9
543,5
544,3.3
545,2.9
546,3.1
547,3
548,2.7
549,2.7
550,2.6
551,3.7
552,4.5
553,4.7
554,5.5
555,3
556,1.9
557,2.3
558,1.6
559,1.3
560,1.2
561,0.9
562,0.8
563,0.8
564,0.9
565,2
566,3
567,3.1
568,-200
569,-200
570,-200
571,-200
572,-200
573,-200
574,-200
575,-200
576,-200
577,-200
578,-200
579,-200
580,-200
581,-200
582,-200
583,-200
584,-200
585,-200
586,-200
587,-200
588,-200
589,-200
590,-200
591,-200
592,-200
593,-200
594,-200
595,-200
596,-200
597,-200
598,-200
599,-200
600,-200
601,-200
602,-200
603,-200
604,-200
605,-200
606,-200
607,-200
608,-200
609,-200
610,-200
611,-200
612,-200
613,-200
614,-200
615,-200
616,3.1
617,3
618,3.2
619,3.1
620,2.5
621,2.1
622,2
623,3.2
624,4.1
625,3.9
626,3.1
627,2
628,1.7
629,1.6
630,1
631,0.8
632,0.5
633,0.5
634,0.5
635,0.8
636,1.7
637,4.5
638,6.2
639,4.4
640,2.9
641,1.6
642,2.6
643,2.9
644,2.5
645,1.9
646,1.9
647,2.7
648,3
649,3.3
650,3.2
651,1.8
652,1.3
653,1.1
654,0.9
655,0.7
656,0.4
657,0.3
658,0.3
659,0.3
660,0.8
661,2.8
662,3.1
663,2.3
664,1.6
665,1.5
666,1.6
667,1.8
668,1.4
669,1.9
670,1.2
671,2.3
672,3.3
673,3.1
674,3.3
675,1.2
676,1.3
677,1.9
678,1.4
679,1.5
680,1.1
681,0.8
682,-200
683,0.8
684,1.1
685,2.6
686,5.1
687,4.2
688,2.6
689,2.4
690,2.1
691,2.6
692,2.8
693,2.5
694,1.9
695,3.6
696,4.6
697,6.3
698,4.3
699,1.6
700,1.4
701,2
702,2.4
703,1.8
704,1
705,1
706,1
707,0.9
708,1.5
709,2.6
710,2.9
711,2.7
712,2.4
713,2.6
714,4.1
715,4.3
716,2.2
717,3.4
718,3.6
719,2.5
720,2.8
721,3.4
722,3
723,2.1
724,2.4
725,2.3
726,1.3
727,1.7
728,1.7
729,1
730,0.8
731,1
732,1.4
733,1.7
734,2
735,2
736,1.9
737,2.1
738,1.8
739,1.5
740,1.3
741,1.4
742,1.5
743,1.7
744,2
745,2.5
746,2.4
747,2
748,2.9
749,2.5
750,1.4
751,1.2
752,1
753,1
754,-200
755,0.7
756,0.8
757,0.9
758,1.1
759,1
760,1.6
761,1.8
762,2.6
763,1.1
764,0.6
765,0.9
766,1
767,1.2
768,1.4
769,2
770,1.1
771,1.1
772,1.1
773,1.1
774,0.7
775,0.6
776,0.7
777,0.6
778,0.3
779,0.3
780,0.4
781,0.5
782,0.6
783,0.8
784,1
785,1.3
786,1.1
787,0.6
788,0.7
789,1.2
790,1.4
791,1.2
792,1.3
793,1.8
794,1.2
795,0.8
796,0.8
797,0.8
798,0.7
799,0.5
800,0.3
801,0.4
802,0.3
803,0.7
804,1.6
805,3.9
806,4.5
807,2.7
808,1.6
809,1.6
810,1.6
811,1.5
812,1.8
813,2.1
814,1.7
815,3
816,4.6
817,5
818,3.5
819,2.1
820,2.1
821,1.5
822,1.1
823,0.9
824,0.7
825,0.4
826,-200
827,0.9
828,1.6
829,3.9
830,5
831,4.3
832,2.7
833,2.1
834,2.1
835,-200
836,-200
837,-200
838,-200
839,-200
840,-200
841,-200
842,-200
843,-200
844,-200
845,-200
846,-200
847,-200
848,-200
849,-200
850,-200
851,-200
852,-200
853,-200
854,-200
855,3.9
856,3.8
857,3.8
858,3.9
859,3.5
860,4
861,3
862,3.1
863,5.2
864,5.9
865,7.3
866,6.1
867,4.6
868,2.5
869,2.2
870,2
871,1.9
872,1.6
873,1
874,1
875,1.2
876,2
877,4.5
878,4.1
879,2.6
880,2.3
881,2.6
882,2.4
883,4.3
884,4.6
885,4
886,4.7
887,5.7
888,5.2
889,6.4
890,6
891,3.4
892,2.7
893,3.1
894,2.6
895,2.2
896,1.9
897,-200
898,-200
899,-200
900,-200
901,-200
902,-200
903,-200
904,-200
905,-200
906,-200
907,-200
908,-200
909,-200
910,-200
911,-200
912,-200
913,-200
914,-200
915,-200
916,-200
917,-200
918,-200
919,-200
920,-200
921,-200
922,-200
923,-200
924,-200
925,-200
926,-200
927,-200
928,-200
929,-200
930,-200
931,-200
932,-200
933,-200
934,-200
935,-200
936,-200
937,-200
938,-200
939,-200
940,-200
941,-200
942,-200
943,-200
944,-200
945,-200
946,-200
947,-200
948,-200
949,-200
950,-200
951,-200
952,-200
953,-200
954,-200
955,-200
956,-200
957,-200
958,-200
959,-200
960,-200
961,-200
962,-200
963,-200
964,-200
965,-200
966,-200
967,-200
968,-200
969,-200
970,-200
971,-200
972,-200
973,-200
974,-200
975,-200
976,-200
977,-200
978,-200
979,-200
980,-200
981,-200
982,-200
983,-200
984,-200
985,-200
986,-200
987,-200
988,-200
989,-200
990,-200
991,-200
992,-200
993,-200
994,-200
995,-200
996,-200
997,-200
998,-200
999,-200
1000,-200
1001,-200
1002,-200
1003,-200
1004,-200
1005,-200
1006,-200
1007,-200
1008,-200
1009,-200
1010,-200
1011,-200
1012,-200
1013,-200
1014,-200
1015,-200
1016,-200
1017,-200
1018,-200
1019,-200
1020,-200
1021,-200
1022,-200
1023,-200
1024,-200
1025,-200
1026,-200
1027,-200
1028,-200
1029,-200
1030,-200
1031,-200
1032,-200
1033,-200
1034,-200
1035,-200
1036,-200
1037,-200
1038,-200
1039,-200
1040,-200
1041,-200
1042,-200
1043,0.6
1044,0.8
1045,4
1046,5.6
1047,5
1048,3.2
1049,3.8
1050,3.3
1051,3
1052,3.2
1053,4.4
1054,4.6
1055,5.2
1056,4.8
1057,5.6
1058,4.6
1059,1.8
1060,2.2
1061,2
1062,2.8
1063,2.6
1064,1.8
1065,1.1
1066,-200
1067,0.7
1068,0.9
1069,1.5
1070,2.5
1071,3
1072,2.6
1073,2.6
1074,2.6
1075,1.9
1076,2
1077,1.7
1078,1.9
1079,1.8
1080,2.8
1081,3.5
1082,3.4
1083,2
1084,1.1
1085,1.3
1086,1.2
1087,1.3
1088,1
1089,1.3
1090,-200
1091,0.3
1092,0.5
1093,0.6
1094,0.6
1095,0.8
1096,1
1097,0.9
1098,1
1099,0.8
1100,0.7
1101,0.9
1102,1.3
1103,1.4
1104,1.5
1105,2.7
1106,2.5
1107,1.4
1108,2.8
1109,2.1
1110,1.1
1111,0.7
1112,0.4
1113,0.3
1114,-200
1115,0.4
1116,0.8
1117,1.9
1118,2.1
1119,1.4
1120,1.4
1121,1.3
1122,1.5
1123,1.6
1124,1.3
1125,1.4
1126,1.5
1127,2.2
1128,3.2
1129,3
1130,2.6
1131,1.6
1132,1.5
1133,1.2
1134,0.8
1135,0.7
1136,0.5
1137,0.5
1138,-200
1139,0.7
1140,1.4
1141,4.1
1142,4.6
1143,1.9
1144,1.9
1145,1.7
1146,2.4
1147,3
1148,2
1149,2.7
1150,2.2
1151,2.9
1152,3.4
1153,3.9
1154,3.6
1155,2.5
1156,1.8
1157,2
1158,1.3
1159,1
1160,0.6
1161,0.6
1162,-200
1163,0.5
1164,1.1
1165,5.5
1166,4.2
1167,4.6
1168,3.4
1169,2.8
1170,2.5
1171,2.4
1172,3.2
1173,3.5
1174,2.9
1175,3.6
1176,4.8
1177,5.4
1178,5.3
1179,2.7
1180,1.4
1181,1.6
1182,1.5
1183,1
1184,0.6
1185,0.4
1186,-200
1187,0.8
1188,1.5
1189,4.9
1190,7.2
1191,3.5
1192,2.1
1193,1.5
1194,2
1195,3.8
1196,3.4
1197,4.4
1198,3.9
1199,4.9
1200,5.4
1201,6.5
1202,4.3
1203,2.9
1204,2.7
1205,2.8
1206,2.3
1207,1.7
1208,1.2
1209,1
1210,-200
1211,0.8
1212,1.7
1213,3
1214,3.4
1215,3.3
1216,2.7
1217,2.6
1218,3.2
1219,3.4
1220,2.6
1221,3.4
1222,4
1223,4.5
1224,4.2
1225,5.7
1226,4.4
1227,3.1
1228,3
1229,3.1
1230,3.5
1231,2.4
1232,1.6
1233,1.3
1234,-200
1235,0.6
1236,0.7
1237,1.2
1238,1.5
1239,1.8
1240,2.1
1241,1.9
1242,2
1243,1.3
1244,1.3
1245,1.8
1246,2
1247,1.8
1248,2.4
1249,4
1250,2.8
1251,2
1252,3.6
1253,3.7
1254,2.3
1255,1.8
1256,0.9
1257,1.6
1258,-200
1259,0.6
1260,0.7
1261,0.8
1262,1.2
1263,1.4
1264,1.6
1265,1.3
1266,1.3
1267,1.1
1268,1.2
1269,1.5
1270,1.1
1271,1.9
1272,2.3
1273,3.3
1274,2.6
1275,2.2
1276,2.3
1277,2
1278,1.6
1279,0.8
1280,0.6
1281,0.4
1282,-200
1283,0.7
1284,1.3
1285,3.4
1286,4.7
1287,3.4
1288,2.5
1289,2
1290,1.9
1291,1.7
1292,1.4
1293,1.5
1294,2.4
1295,3.9
1296,4.2
1297,3.7
1298,3.2
1299,2
1300,1.1
1301,1.5
1302,1.3
1303,1
1304,0.6
1305,0.4
1306,-200
1307,0.6
1308,1.9
1309,4.5
1310,4.3
1311,3.2
1312,1.3
1313,2.2
1314,2.6
1315,2.3
1316,2.4
1317,2.6
1318,1.2
1319,1.6
1320,3.9
1321,4.7
1322,5.4
1323,3
1324,0.9
1325,1.1
1326,0.7
1327,0.5
1328,0.5
1329,0.5
1330,-200
1331,0.8
1332,1.3
1333,3.5
1334,-200
1335,3.9
1336,2.9
1337,2.6
1338,3
1339,3.7
1340,3.9
1341,3.5
1342,2.4
1343,1.6
1344,3
1345,1.6
1346,2.1
1347,1.8
1348,1.1
1349,1.5
1350,1.4
1351,0.9
1352,0.5
1353,0.4
1354,-200
1355,0.6
1356,1.3
1357,2.9
1358,3.6
1359,3.4
1360,2.5
1361,2.1
1362,1.1
1363,1.8
1364,3
1365,3.1
1366,3.6
1367,3.3
1368,1.8
1369,2.1
1370,2.2
1371,1.6
1372,0.9
1373,1.8
1374,2.3
1375,2
1376,0.9
1377,0.6
1378,-200
1379,0.7
1380,1.5
1381,3.7
1382,4.2
1383,3.4
1384,2.4
1385,1.3
1386,1.5
1387,2.2
1388,1.8
1389,1.9
1390,2.3
1391,3.6
1392,4.3
1393,2.2
1394,1.5
1395,2
1396,2
1397,2.1
1398,1.5
1399,2.2
1400,0.5
1401,-200
1402,-200
1403,-200
1404,-200
1405,-200
1406,-200
1407,-200
1408,-200
1409,-200
1410,-200
1411,-200
1412,-200
1413,-200
1414,-200
1415,-200
1416,-200
1417,-200
1418,-200
1419,-200
1420,-200
1421,-200
1422,-200
1423,-200
1424,-200
1425,-200
1426,-200
1427,-200
1428,-200
1429,-200
1430,-200
1431,-200
1432,-200
1433,-200
1434,-200
1435,-200
1436,-200
1437,-200
1438,-200
1439,-200
1440,-200
1441,-200
1442,-200
1443,-200
1444,-200
1445,-200
1446,-200
1447,-200
1448,-200
1449,-200
1450,-200
1451,-200
1452,-200
1453,-200
1454,-200
1455,4.4
1456,2.5
1457,2.1
1458,2.4
1459,2.2
1460,2.2
1461,2.3
1462,2.1
1463,2.5
1464,3.6
1465,4
1466,3
1467,2.1
1468,1.7
1469,1.1
1470,0.9
1471,0.4
1472,0.2
1473,0.2
1474,-200
1475,0.6
1476,1.4
1477,4.6
1478,5.5
1479,4.8
1480,4.5
1481,3
1482,2.5
1483,2.3
1484,2
1485,1.9
1486,1.9
1487,3.5
1488,4.6
1489,6.3
1490,5
1491,3.3
1492,2.7
1493,2.2
1494,1.7
1495,0.8
1496,0.8
1497,0.6
1498,-200
1499,0.8
1500,1.5
1501,4.1
1502,5.9
1503,5.1
1504,3.9
1505,3.4
1506,3.3
1507,5.1
1508,3.1
1509,2.5
1510,2.4
1511,2.8
1512,2.9
1513,3.4
1514,2.2
1515,1.6
1516,1.3
1517,1.3
1518,1.6
1519,1.2
1520,0.6
1521,0.4
1522,-200
1523,0.4
1524,1
1525,2
1526,3.6
1527,2.4
1528,2.4
1529,1.6
1530,1.9
1531,2.4
1532,1.7
1533,2.1
1534,3.1
1535,4.6
1536,4.5
1537,3.9
1538,4.6
1539,3.3
1540,2.7
1541,3.3
1542,2.5
1543,2.1
1544,1.3
1545,1
1546,-200
1547,1.2
1548,1.5
1549,3.7
1550,-200
1551,3.3
1552,2.5
1553,1.9
1554,2
1555,2.5
1556,2.1
1557,2.1
1558,2.3
1559,3
1560,4.1
1561,4.5
1562,3.5
1563,2.1
1564,2.3
1565,1.9
1566,1.9
1567,1.2
1568,1
1569,1.1
1570,-200
1571,0.5
1572,0.6
1573,1.4
1574,2.6
1575,2.8
1576,2.6
1577,1.6
1578,1.7
1579,1.7
1580,1.3
1581,1.4
1582,1.4
1583,1.7
1584,2.3
1585,2.5
1586,3.3
1587,2.2
1588,1.6
1589,2.6
1590,2.3
1591,1.5
1592,0.9
1593,0.8
1594,-200
1595,0.4
1596,0.4
1597,0.8
1598,0.9
1599,1.6
1600,2
1601,1.6
1602,1.4
1603,0.9
1604,0.9
1605,1.2
1606,1.4
1607,1.9
1608,1.8
1609,2.7
1610,2.4
1611,1.6
1612,1.4
1613,1.4
1614,1.4
1615,0.9
1616,0.5
1617,0.4
1618,-200
1619,0.5
1620,1.3
1621,2.6
1622,2
1623,1.8
1624,1.7
1625,1.5
1626,1.9
1627,1.7
1628,1.5
1629,1.7
1630,1.7
1631,2.4
1632,3.1
1633,3.4
1634,3
1635,1.2
1636,1.2
1637,1.3
1638,1
1639,0.4
1640,0.3
1641,0.2
1642,-200
1643,0.5
1644,0.9
1645,2.7
1646,6.5
1647,3.2
1648,2.4
1649,1.9
1650,2.7
1651,2.9
1652,2
1653,2.3
1654,1.9
1655,3
1656,4.4
1657,4.7
1658,3.4
1659,2.4
1660,1.2
1661,1.7
1662,1.2
1663,0.7
1664,0.5
1665,0.3
1666,-200
1667,0.3
1668,0.7
1669,3.1
1670,6.2
1671,4.6
1672,2.6
1673,2.1
1674,2
1675,2.2
1676,2.1
1677,2.3
1678,2.5
1679,3.4
1680,4.3
1681,3.8
1682,3.8
1683,2
1684,1.7
1685,2
1686,1.5
1687,0.8
1688,0.5
1689,0.3
1690,-200
1691,0.3
1692,0.9
1693,2.8
1694,5.4
1695,4
1696,2.2
1697,2.2
1698,2
1699,2
1700,1.9
1701,2.7
1702,2.2
1703,3.5
1704,4.1
1705,4.4
1706,4.5
1707,2.9
1708,2.6
1709,2.1
1710,1.2
1711,0.6
1712,0.3
1713,0.3
1714,-200
1715,0.3
1716,0.7
1717,4.2
1718,4.8
1719,3.4
1720,2.8
1721,1.8
1722,1.9
1723,2
1724,1.9
1725,2
1726,2.3
1727,2.7
1728,3.6
1729,3.8
1730,3.5
1731,2.5
1732,2.5
1733,3
1734,3.7
1735,3.3
1736,1.5
1737,0.7
1738,-200
1739,0.5
1740,0.5
1741,1.2
1742,2.2
1743,2.2
1744,2.1
1745,1.8
1746,2.2
1747,2
1748,1.4
1749,1.8
1750,2.1
1751,2.8
1752,2.8
1753,2.7
1754,1.8
1755,1.2
1756,2.6
1757,3.1
1758,4.1
1759,3.6
1760,1.9
1761,1.9
1762,-200
1763,0.3
1764,0.4
1765,0.8
1766,0.8
1767,0.8
1768,0.8
1769,0.9
1770,1.2
1771,1
1772,0.8
1773,1.1
1774,1.5
1775,1.5
1776,1.4
1777,1.1
1778,0.9
1779,1
1780,1.1
1781,1
1782,0.7
1783,0.5
1784,0.2
1785,-200
1786,-200
1787,0.1
1788,0.5
1789,1.6
1790,2
1791,1.3
1792,1
1793,0.9
1794,1.2
1795,1.3
1796,1.1
1797,1.2
1798,1.4
1799,2
1800,2.4
1801,2.1
1802,1.2
1803,0.7
1804,0.7
1805,0.8
1806,0.5
1807,0.2
1808,-200
1809,-200
1810,-200
1811,0.1
1812,0.2
1813,1.1
1814,3
1815,2.1
1816,2.6
1817,3.2
1818,2.1
1819,2.2
1820,2.4
1821,-200
1822,-200
1823,-200
1824,-200
1825,-200
1826,-200
1827,-200
1828,-200
1829,-200
1830,-200
1831,-200
1832,-200
1833,-200
1834,-200
1835,-200
1836,-200
1837,-200
1838,-200
1839,4
1840,2.2
1841,1.8
1842,1.6
1843,1.8
1844,1.6
1845,1.6
1846,1.3
1847,-200
1848,-200
1849,-200
1850,-200
1851,-200
1852,-200
1853,-200
1854,-200
1855,-200
1856,-200
1857,-200
1858,-200
1859,-200
1860,-200
1861,-200
1862,-200
1863,-200
1864,-200
1865,-200
1866,-200
1867,-200
1868,-200
1869,-200
1870,-200
1871,-200
1872,-200
1873,-200
1874,-200
1875,-200
1876,-200
1877,-200
1878,-200
1879,-200
1880,-200
1881,-200
1882,-200
1883,-200
1884,-200
1885,-200
1886,-200
1887,-200
1888,-200
1889,-200
1890,-200
1891,-200
1892,-200
1893,1.7
1894,1.7
1895,2.1
1896,2.2
1897,1.8
1898,1.8
1899,0.9
1900,1
1901,2
1902,1.8
1903,1.1
1904,0.6
1905,0.3
1906,-200
1907,-200
1908,0.1
1909,0.5
1910,0.6
1911,0.5
1912,0.7
1913,0.7
1914,0.9
1915,0.7
1916,0.4
1917,0.5
1918,0.6
1919,0.6
1920,0.8
1921,1
1922,1.2
1923,1
1924,1.3
1925,2.7
1926,2.7
1927,1.6
1928,0.6
1929,0.3
1930,-200
1931,0.1
1932,0.1
1933,0.2
1934,0.3
1935,0.3
1936,0.4
1937,0.3
1938,0.3
1939,0.1
1940,0.1
1941,0.2
1942,0.6
1943,0.5
1944,0.9
1945,1.1
1946,1.3
1947,1.5
1948,1.2
1949,0.4
1950,0.2
1951,0.3
1952,-200
1953,-200
1954,-200
1955,-200
1956,0.5
1957,1.6
1958,3.6
1959,2.2
1960,1.6
1961,1.4
1962,1.4
1963,1.5
1964,1.3
1965,1.2
1966,1.8
1967,3
1968,3.5
1969,2.4
1970,1.1
1971,0.8
1972,0.4
1973,0.6
1974,0.3
1975,-200
1976,-200
1977,-200
1978,-200
1979,0.1
1980,0.3
1981,1.4
1982,2.7
1983,2.3
1984,1.8
1985,1.6
1986,1.9
1987,2.5
1988,1.6
1989,1.5
1990,2.5
1991,3.6
1992,3.5
1993,4.8
1994,3.7
1995,2.1
1996,1.6
1997,2.2
1998,0.8
1999,-200
2000,-200
2001,-200
2002,-200
2003,-200
2004,-200
2005,-200
2006,-200
2007,-200
2008,-200
2009,-200
2010,-200
2011,-200
2012,-200
2013,-200
2014,-200
2015,-200
2016,-200
2017,-200
2018,-200
2019,-200
2020,-200
2021,-200
2022,-200
2023,-200
2024,-200
2025,-200
2026,-200
2027,-200
2028,-200
2029,-200
2030,-200
2031,-200
2032,-200
2033,-200
2034,-200
2035,-200
2036,-200
2037,-200
2038,-200
2039,-200
2040,-200
2041,-200
2042,-200
2043,-200
2044,-200
2045,-200
2046,-200
2047,-200
2048,-200
2049,-200
2050,-200
2051,-200
2052,-200
2053,-200
2054,-200
2055,-200
2056,-200
2057,-200
2058,-200
2059,-200
2060,-200
2061,-200
2062,2.7
2063,3.6
2064,3.3
2065,3.6
2066,2.9
2067,1.9
2068,2
2069,2.9
2070,2.7
2071,1.5
2072,1.6
2073,1.3
2074,0.7
2075,0.7
2076,1.2
2077,1.5
2078,1.5
2079,1.6
2080,1.1
2081,1.1
2082,1.4
2083,1.4
2084,1
2085,1.3
2086,1.9
2087,1.7
2088,2.3
2089,2.4
2090,1.8
2091,0.6
2092,0.8
2093,1.7
2094,1.1
2095,0.6
2096,1.1
2097,1.1
2098,1
2099,0.5
2100,0.7
2101,1
2102,1.2
2103,0.7
2104,0.9
2105,0.8
2106,0.8
2107,0.5
2108,0.5
2109,0.7
2110,0.9
2111,1
2112,1.2
2113,1.3
2114,1.6
2115,1.4
2116,1.7
2117,1.7
2118,1.4
2119,0.8
2120,0.4
2121,0.3
2122,-200
2123,0.5
2124,1.5
2125,2.6
2126,4.3
2127,3.1
2128,2.9
2129,2.5
2130,1.9
2131,2.5
2132,2.5
2133,2.8
2134,2.3
2135,3.3
2136,2.8
2137,4.8
2138,2.5
2139,2
2140,1.8
2141,1.7
2142,1.3
2143,0.7
2144,0.5
2145,0.4
2146,0.3
2147,0.5
2148,1.4
2149,3.3
2150,5.8
2151,5
2152,3.5
2153,2.9
2154,2.5
2155,2.3
2156,2.4
2157,2.6
2158,2.2
2159,3.5
2160,3.9
2161,4.5
2162,3.8
2163,2.8
2164,1.7
2165,1.2
2166,1.6
2167,1
2168,0.9
2169,0.5
2170,0.5
2171,0.5
2172,1
2173,3.5
2174,6.4
2175,2.9
2176,3.4
2177,2.8
2178,2.8
2179,2.8
2180,2.3
2181,1.8
2182,2
2183,3.5
2184,4.9
2185,4.6
2186,3.4
2187,2.7
2188,1.9
2189,1.5
2190,1
2191,0.7
2192,1
2193,0.6
2194,-200
2195,0.9
2196,1.2
2197,2.9
2198,4.8
2199,4.3
2200,3.1
2201,2.4
2202,2.8
2203,2.5
2204,2.6
2205,2.3
2206,2.4
2207,3.5
2208,4.8
2209,5.1
2210,4.7
2211,2.4
2212,2.5
2213,2.7
2214,1.5
2215,1.1
2216,0.6
2217,0.5
2218,0.4
2219,0.6
2220,1
2221,4.6
2222,4.8
2223,4
2224,-200
2225,2
2226,2
2227,2
2228,1.9
2229,1.9
2230,1.9
2231,2.6
2232,3.2
2233,3.4
2234,3.4
2235,2.9
2236,2.7
2237,1.3
2238,1.3
2239,0.9
2240,0.6
2241,0.5
2242,0.5
2243,0.9
2244,0.7
2245,0.6
2246,1.3
2247,1.9
2248,2.1
2249,1.8
2250,1.8
2251,1.6
2252,1.2
2253,1.2
2254,1.4
2255,1.3
2256,1.1
2257,1.1
2258,1.1
2259,1.8
2260,2.3
2261,2.6
2262,2
2263,1
2264,0.6
2265,0.6
2266,0.5
2267,0.4
2268,0.4
2269,0.4
2270,0.4
2271,0.5
2272,0.6
2273,0.7
2274,0.7
2275,0.6
2276,0.5
2277,0.6
2278,0.8
2279,0.8
2280,1
2281,1
2282,1
2283,0.9
2284,0.7
2285,0.8
2286,0.7
2287,0.5
2288,0.3
2289,0.3
2290,-200
2291,0.3
2292,0.7
2293,1.5
2294,1.8
2295,1.4
2296,1.5
2297,1.2
2298,1.2
2299,1.3
2300,1
2301,1.4
2302,1.6
2303,2.7
2304,2.3
2305,1.5
2306,1.4
2307,1
2308,1.1
2309,1.2
2310,1.2
2311,0.7
2312,0.5
2313,0.4
2314,0.4
2315,0.5
2316,1
2317,4.4
2318,4
2319,2.4
2320,2.1
2321,2.7
2322,2.8
2323,2.3
2324,2
2325,2.6
2326,2.7
2327,3.1
2328,3.1
2329,3.6
2330,2.9
2331,2.2
2332,2
2333,2.1
2334,1.9
2335,1.4
2336,0.8
2337,0.6
2338,0.6
2339,0.5
2340,1
2341,2.7
2342,5
2343,3.3
2344,2.4
2345,1.7
2346,1.7
2347,2.4
2348,2.2
2349,2.2
2350,2.3
2351,2.6
2352,2.3
2353,3.3
2354,3.5
2355,2.5
2356,2.5
2357,2.4
2358,2.5
2359,2.1
2360,1
2361,0.8
2362,-200
2363,0.5
2364,1.3
2365,3.6
2366,4.8
2367,3.7
2368,1.9
2369,1.7
2370,1.9
2371,1.8
2372,1.7
2373,1.8
2374,1.7
2375,2.8
2376,3.6
2377,3.3
2378,2.9
2379,1.7
2380,1.7
2381,2.8
2382,1.8
2383,1
2384,0.5
2385,0.4
2386,0.3
2387,0.4
2388,0.8
2389,2.2
2390,4.4
2391,3.7
2392,2.5
2393,2.5
2394,2.3
2395,2
2396,2
2397,2.1
2398,2.4
2399,3.1
2400,2.9
2401,3.5
2402,2.9
2403,1.5
2404,1.7
2405,2.2
2406,1.6
2407,1
2408,0.6
2409,0.6
2410,0.6
2411,0.5
2412,0.5
2413,0.9
2414,1.4
2415,1.6
2416,1.6
2417,1.7
2418,1.7
2419,1.5
2420,1.2
2421,1.2
2422,1.1
2423,1
2424,1.1
2425,1.6
2426,1.7
2427,1.4
2428,1.7
2429,2.4
2430,2.3
2431,1.2
2432,1
2433,1.4
2434,-200
2435,1
2436,0.9
2437,0.8
2438,1
2439,1.2
2440,1.2
2441,1
2442,1
2443,0.6
2444,0.7
2445,0.8
2446,1.1
2447,1.4
2448,2.8
2449,2.5
2450,1.6
2451,1.4
2452,2.3
2453,4.2
2454,3
2455,2.2
2456,0.6
2457,0.3
2458,0.3
2459,0.5
2460,1.3
2461,2.5
2462,3.7
2463,2.5
2464,1.8
2465,1.5
2466,1.5
2467,1.2
2468,1.4
2469,1.6
2470,1.6
2471,2.2
2472,3
2473,3
2474,2.7
2475,2.1
2476,1.6
2477,1.3
2478,1.1
2479,0.7
2480,0.4
2481,0.2
2482,0.2
2483,0.3
2484,0.9
2485,3.1
2486,5
2487,2.8
2488,2.8
2489,2.1
2490,3.1
2491,3
2492,2.1
2493,1.7
2494,2.2
2495,3.5
2496,3.6
2497,4.1
2498,4
2499,1.8
2500,1.7
2501,2.4
2502,1.2
2503,0.8
2504,0.5
2505,0.3
2506,-200
2507,0.4
2508,1
2509,3.8
2510,3.2
2511,3.5
2512,3.2
2513,2.3
2514,2.2
2515,2.1
2516,1.9
2517,2.4
2518,2.5
2519,3.6
2520,3.9
2521,4.4
2522,4.8
2523,2.5
2524,2.8
2525,3.2
2526,2.6
2527,1.5
2528,1
2529,0.8
2530,0.6
2531,0.6
2532,0.7
2533,1.2
2534,1.5
2535,1.3
2536,1.6
2537,1.5
2538,1.2
2539,1.1
2540,1.2
2541,1.3
2542,1.4
2543,1.6
2544,2.1
2545,3
2546,2.8
2547,3.8
2548,3.2
2549,4.1
2550,2.6
2551,2
2552,0.9
2553,0.7
2554,0.6
2555,0.6
2556,1.6
2557,2.6
2558,2.9
2559,2.8
2560,1.9
2561,1.9
2562,2.1
2563,1.9
2564,1.6
2565,1.6
2566,2.1
2567,2.4
2568,2.8
2569,3.4
2570,3.4
2571,2.7
2572,2.6
2573,2.3
2574,1.2
2575,1
2576,0.9
2577,1.1
2578,-200
2579,0.4
2580,0.9
2581,1.8
2582,2.2
2583,2.4
2584,2.3
2585,1.6
2586,1.4
2587,1.4
2588,1
2589,1
2590,1.2
2591,1.3
2592,1.5
2593,1.9
2594,1.8
2595,1.4
2596,1.7
2597,2.7
2598,2.1
2599,1.4
2600,1
2601,1
2602,0.8
2603,0.5
2604,0.6
2605,0.6
2606,1
2607,1.6
2608,1.9
2609,1.7
2610,1.1
2611,0.8
2612,0.7
2613,0.7
2614,1.2
2615,1.6
2616,1.6
2617,1.7
2618,2
2619,2.3
2620,2.4
2621,1.7
2622,1.2
2623,1
2624,0.6
2625,0.5
2626,0.4
2627,0.5
2628,0.7
2629,3.2
2630,5.6
2631,4.6
2632,3.3
2633,2.1
2634,1.9
2635,1.9
2636,1.6
2637,2
2638,1.8
2639,2.9
2640,3.4
2641,3.1
2642,2.5
2643,1.8
2644,1.8
2645,2
2646,1.5
2647,0.8
2648,0.4
2649,0.3
2650,-200
2651,0.5
2652,0.7
2653,3.4
2654,5.7
2655,3.2
2656,2.7
2657,2.1
2658,2.8
2659,2.5
2660,2.1
2661,2.5
2662,2.7
2663,3.7
2664,3.7
2665,4.6
2666,2.6
2667,2.5
2668,2.3
2669,2.2
2670,2.5
2671,0.9
2672,0.8
2673,0.7
2674,0.5
2675,0.7
2676,0.9
2677,2.2
2678,2.8
2679,2.9
2680,2.9
2681,3
2682,2.5
2683,2.3
2684,2.1
2685,1.9
2686,2.3
2687,4.2
2688,4.9
2689,4.9
2690,3.5
2691,2.5
2692,2.5
2693,2.6
2694,2.3
2695,1.5
2696,0.9
2697,0.6
2698,0.6
2699,0.8
2700,0.9
2701,2.4
2702,3.9
2703,2.9
2704,2.7
2705,2
2706,2.4
2707,2
2708,1.8
2709,1.9
2710,1.8
2711,2.9
2712,3.3
2713,4.4
2714,3.4
2715,1.9
2716,2.1
2717,2.5
2718,2.3
2719,1.7
2720,1.5
2721,0.8
2722,-200
2723,0.5
2724,0.8
2725,2.6
2726,4.9
2727,2.9
2728,2.8
2729,1.8
2730,1.8
2731,1.9
2732,1.7
2733,1.7
2734,1.9
2735,2.1
2736,2.4
2737,3
2738,2.8
2739,1.9
2740,2.1
2741,1.8
2742,2.5
2743,1.1
2744,0.7
2745,0.7
2746,0.4
2747,0.7
2748,0.7
2749,1.8
2750,2.3
2751,1.9
2752,1.7
2753,1.3
2754,1.5
2755,1.3
2756,0.8
2757,0.8
2758,1.1
2759,1.2
2760,1.2
2761,1.4
2762,1.1
2763,1.5
2764,2
2765,1.9
2766,2.2
2767,1.1
2768,1.1
2769,0.8
2770,0.6
2771,0.6
2772,0.6
2773,0.6
2774,1.1
2775,1
2776,1
2777,1
2778,0.8
2779,0.7
2780,0.4
2781,0.5
2782,0.6
2783,0.7
2784,0.9
2785,1.6
2786,1.6
2787,1.7
2788,1.3
2789,1.9
2790,1.5
2791,0.6
2792,0.4
2793,0.3
2794,-200
2795,0.4
2796,0.7
2797,2
2798,3.9
2799,3.6
2800,3.2
2801,2.2
2802,2.2
2803,2.1
2804,1.8
2805,2
2806,1.8
2807,3
2808,4.3
2809,3.5
2810,2.5
2811,1.8
2812,1.9
2813,1.9
2814,1.9
2815,0.9
2816,0.7
2817,0.6
2818,0.4
2819,0.7
2820,1.6
2821,3.8
2822,5.1
2823,3.4
2824,2.6
2825,2.2
2826,3.4
2827,3.4
2828,1.8
2829,2
2830,2.4
2831,3.8
2832,4.4
2833,3.9
2834,4
2835,2.5
2836,2.1
2837,2.4
2838,2.1
2839,1.6
2840,0.8
2841,0.5
2842,0.4
2843,0.5
2844,1.3
2845,4.1
2846,4.1
2847,4
2848,2.2
2849,2
2850,2
2851,2.2
2852,2.2
2853,1.8
2854,1.8
2855,3.3
2856,4.3
2857,5.3
2858,4.3
2859,3.6
2860,2.4
2861,2.1
2862,1.2
2863,0.9
2864,0.6
2865,0.5
2866,-200
2867,0.6
2868,0.6
2869,2.2
2870,3.2
2871,3
2872,2.7
2873,3.2
2874,1.4
2875,1.3
2876,1.4
2877,2.1
2878,2.4
2879,3.1
2880,3.5
2881,5.1
2882,4.5
2883,2.9
2884,2.6
2885,2.7
2886,3.2
2887,2.3
2888,1
2889,0.5
2890,0.4
2891,0.6
2892,1
2893,2.9
2894,2.7
2895,1.8
2896,1.8
2897,1.7
2898,1.5
2899,1.7
2900,1.3
2901,1.5
2902,1.5
2903,2.3
2904,2.2
2905,2.8
2906,2.7
2907,1.7
2908,1.5
2909,2.3
2910,2.3
2911,1.5
2912,1
2913,0.5
2914,0.3
2915,0.4
2916,0.5
2917,0.9
2918,1.1
2919,1.4
2920,1.1
2921,0.9
2922,0.8
2923,0.8
2924,0.6
2925,0.6
2926,0.5
2927,0.7
2928,0.8
2929,0.9
2930,1.3
2931,1.3
2932,1.4
2933,1.9
2934,2.3
2935,1
2936,0.5
2937,1
2938,0.4
2939,0.3
2940,0.2
2941,0.4
2942,0.3
2943,0.6
2944,0.6
2945,0.6
2946,0.5
2947,0.4
2948,0.2
2949,0.4
2950,0.6
2951,0.9
2952,0.7
2953,1.2
2954,1.6
2955,1.8
2956,2.4
2957,1.5
2958,0.9
2959,0.8
2960,0.2
2961,0.1
2962,-200
2963,0.5
2964,1.4
2965,3.3
2966,3.6
2967,1.7
2968,1.5
2969,1.6
2970,2.1
2971,2.1
2972,1.6
2973,1.3
2974,1.6
2975,3.1
2976,3.3
2977,3.4
2978,2.8
2979,1.5
2980,1.3
2981,1.6
2982,1.5
2983,1
2984,0.5
2985,0.4
2986,0.6
2987,0.7
2988,1.3
2989,4
2990,5
2991,3.6
2992,2.8
2993,2.6
2994,2.7
2995,2.3
2996,2
2997,1.3
2998,1.7
2999,2.8
3000,3.8
3001,4.9
3002,4.3
3003,2.6
3004,2.4
3005,1.9
3006,1.4
3007,1.1
3008,0.9
3009,0.7
3010,0.5
3011,0.8
3012,1.3
3013,4.7
3014,4.6
3015,3.7
3016,2.8
3017,1.8
3018,1.9
3019,2
3020,2
3021,2.1
3022,2.1
3023,3.2
3024,4
3025,4.6
3026,3
3027,2.9
3028,1.9
3029,1.4
3030,2.1
3031,1.2
3032,0.6
3033,0.4
3034,-200
3035,0.4
3036,0.7
3037,2.3
3038,4
3039,2.8
3040,1.6
3041,1.6
3042,2
3043,2
3044,1.7
3045,2
3046,2.2
3047,3.2
3048,3.6
3049,3.8
3050,4.8
3051,2.8
3052,2.6
3053,1.9
3054,1.7
3055,1
3056,0.7
3057,0.5
3058,0.4
3059,0.6
3060,0.7
3061,2.4
3062,4.4
3063,3.1
3064,2
3065,2.1
3066,2.1
3067,2.1
3068,2.2
3069,1.6
3070,2.4
3071,3.3
3072,4
3073,4.1
3074,4.2
3075,2.9
3076,2.3
3077,2.2
3078,2.1
3079,1.6
3080,1.2
3081,1.2
3082,0.9
3083,0.6
3084,0.7
3085,1.3
3086,2
3087,1.9
3088,2.2
3089,1.9
3090,1.5
3091,1.4
3092,1
3093,1
3094,1.4
3095,1.6
3096,1.6
3097,2.1
3098,2
3099,1.9
3100,2.3
3101,2.4
3102,2.2
3103,1.2
3104,1.1
3105,0.8
3106,-200
3107,0.6
3108,0.7
3109,0.4
3110,0.6
3111,0.9
3112,0.9
3113,0.8
3114,0.4
3115,0.3
3116,0.1
3117,0.5
3118,0.4
3119,0.3
3120,0.4
3121,0.6
3122,0.8
3123,1.2
3124,1.6
3125,1.2
3126,0.5
3127,0.3
3128,0.1
3129,-200
3130,0.1
3131,0.3
3132,0.8
3133,2.3
3134,3.4
3135,2.5
3136,2.4
3137,2.1
3138,-200
3139,-200
3140,-200
3141,-200
3142,-200
3143,-200
3144,-200
3145,-200
3146,-200
3147,-200
3148,-200
3149,-200
3150,-200
3151,-200
3152,-200
3153,-200
3154,-200
3155,-200
3156,-200
3157,-200
3158,-200
3159,-200
3160,-200
3161,-200
3162,-200
3163,-200
3164,-200
3165,-200
3166,-200
3167,-200
3168,-200
3169,-200
3170,-200
3171,-200
3172,-200
3173,-200
3174,-200
3175,-200
3176,-200
3177,-200
3178,-200
3179,-200
3180,-200
3181,-200
3182,-200
3183,-200
3184,-200
3185,-200
3186,-200
3187,-200
3188,-200
3189,-200
3190,-200
3191,-200
3192,4.1
3193,3.8
3194,3.4
3195,2.9
3196,3.1
3197,3.5
3198,2.4
3199,1.6
3200,1.3
3201,0.9
3202,1
3203,0.8
3204,1.1
3205,4.4
3206,-200
3207,-200
3208,3.3
3209,2.1
3210,2.1
3211,2
3212,1.5
3213,2.1
3214,2.3
3215,2.8
3216,3.6
3217,4
3218,3.7
3219,2.5
3220,2.3
3221,2.5
3222,2.7
3223,1.3
3224,0.8
3225,0.9
3226,0.5
3227,0.8
3228,1
3229,2.9
3230,3.8
3231,3.5
3232,2.4
3233,1.8
3234,2.1
3235,2.1
3236,1.5
3237,1.5
3238,1.8
3239,2.1
3240,3
3241,2.8
3242,2.5
3243,1.4
3244,1.7
3245,1.8
3246,2.4
3247,1.9
3248,1.4
3249,0.8
3250,0.7
3251,0.8
3252,0.7
3253,1
3254,1.7
3255,1.9
3256,2.3
3257,1.7
3258,1.3
3259,1.2
3260,0.8
3261,0.9
3262,1.1
3263,1.2
3264,1.3
3265,1.4
3266,1.2
3267,0.9
3268,1.1
3269,1.5
3270,1.7
3271,0.9
3272,0.7
3273,0.4
3274,-200
3275,0.3
3276,0.4
3277,0.4
3278,0.5
3279,0.5
3280,0.7
3281,0.9
3282,0.8
3283,0.8
3284,0.7
3285,0.8
3286,0.7
3287,0.8
3288,1.2
3289,1.6
3290,1.6
3291,1.5
3292,1.5
3293,1.5
3294,1.5
3295,1.2
3296,0.8
3297,-200
3298,-200
3299,-200
3300,-200
3301,-200
3302,-200
3303,-200
3304,-200
3305,-200
3306,-200
3307,-200
3308,-200
3309,-200
3310,-200
3311,-200
3312,-200
3313,-200
3314,-200
3315,-200
3316,-200
3317,-200
3318,-200
3319,-200
3320,-200
3321,-200
3322,-200
3323,-200
3324,-200
3325,-200
3326,-200
3327,-200
3328,-200
3329,-200
3330,-200
3331,-200
3332,-200
3333,-200
3334,-200
3335,-200
3336,-200
3337,-200
3338,-200
3339,-200
3340,-200
3341,-200
3342,-200
3343,-200
3344,-200
3345,-200
3346,-200
3347,-200
3348,-200
3349,-200
3350,-200
3351,-200
3352,-200
3353,-200
3354,-200
3355,-200
3356,-200
3357,-200
3358,-200
3359,-200
3360,-200
3361,-200
3362,-200
3363,-200
3364,-200
3365,-200
3366,-200
3367,-200
3368,-200
3369,-200
3370,-200
3371,-200
3372,-200
3373,-200
3374,-200
3375,-200
3376,-200
3377,-200
3378,-200
3379,-200
3380,-200
3381,-200
3382,-200
3383,-200
3384,-200
3385,-200
3386,-200
3387,-200
3388,-200
3389,-200
3390,-200
3391,-200
3392,-200
3393,-200
3394,-200
3395,-200
3396,-200
3397,-200
3398,-200
3399,-200
3400,-200
3401,-200
3402,-200
3403,-200
3404,-200
3405,-200
3406,-200
3407,-200
3408,-200
3409,-200
3410,-200
3411,-200
3412,-200
3413,-200
3414,-200
3415,-200
3416,-200
3417,-200
3418,-200
3419,0.8
3420,1.2
3421,1
3422,1.5
3423,2.8
3424,3.4
3425,3.3
3426,2.9
3427,2.2
3428,1.6
3429,0.9
3430,1.1
3431,1
3432,1.3
3433,1.6
3434,1.8
3435,2.2
3436,1.8
3437,2.3
3438,2
3439,1.8
3440,0.9
3441,0.5
3442,0.6
3443,0.4
3444,0.4
3445,0.4
3446,0.8
3447,0.8
3448,0.9
3449,0.7
3450,0.6
3451,0.5
3452,0.6
3453,0.7
3454,0.9
3455,0.9
3456,1.2
3457,1.4
3458,1.5
3459,1.7
3460,1.7
3461,1.7
3462,1.9
3463,1.2
3464,0.7
3465,0.3
3466,0.2
3467,0.4
3468,0.8
3469,1.9
3470,-200
3471,1.9
3472,1.9
3473,1.9
3474,1.7
3475,1.4
3476,1.2
3477,1.4
3478,1.4
3479,1.9
3480,2.2
3481,1.9
3482,1.7
3483,1.2
3484,0.3
3485,0.1
3486,0.1
3487,-200
3488,-200
3489,-200
3490,-200
3491,-200
3492,-200
3493,-200
3494,-200
3495,-200
3496,-200
3497,-200
3498,-200
3499,-200
3500,-200
3501,-200
3502,-200
3503,-200
3504,-200
3505,-200
3506,-200
3507,-200
3508,-200
3509,-200
3510,-200
3511,-200
3512,-200
3513,-200
3514,-200
3515,-200
3516,-200
3517,-200
3518,-200
3519,-200
3520,-200
3521,-200
3522,-200
3523,-200
3524,-200
3525,-200
3526,-200
3527,-200
3528,-200
3529,-200
3530,-200
3531,-200
3532,-200
3533,-200
3534,-200
3535,-200
3536,-200
3537,-200
3538,-200
3539,-200
3540,-200
3541,-200
3542,-200
3543,-200
3544,-200
3545,-200
3546,-200
3547,-200
3548,-200
3549,-200
3550,-200
3551,-200
3552,-200
3553,-200
3554,-200
3555,-200
3556,-200
3557,-200
3558,-200
3559,-200
3560,-200
3561,-200
3562,-200
3563,0.7
3564,1.2
3565,2.3
3566,3
3567,2.9
3568,2.6
3569,2.6
3570,2.6
3571,2.1
3572,1.7
3573,1.9
3574,2.5
3575,1.1
3576,2.1
3577,2.6
3578,2.6
3579,1.7
3580,1.5
3581,1.8
3582,1.4
3583,1.2
3584,0.7
3585,0.6
3586,0.7
3587,0.5
3588,0.6
3589,0.9
3590,1.2
3591,2
3592,1.9
3593,1.7
3594,1.2
3595,1.1
3596,1
3597,1
3598,1
3599,1.2
3600,1.6
3601,1.6
3602,1.6
3603,1.3
3604,1.9
3605,1.9
3606,1.5
3607,1.1
3608,0.8
3609,0.9
3610,0.6
3611,0.6
3612,0.7
3613,0.6
3614,1
3615,1.2
3616,1
3617,1.3
3618,1.4
3619,0.8
3620,0.6
3621,0.7
3622,0.8
3623,0.9
3624,1
3625,1.5
3626,1.5
3627,1.7
3628,1.9
3629,1.7
3630,1.2
3631,1.1
3632,0.8
3633,0.5
3634,-200
3635,0.7
3636,1.2
3637,2.3
3638,2.5
3639,2.4
3640,1.4
3641,1.2
3642,1.6
3643,1.4
3644,1.2
3645,1.5
3646,1.4
3647,1.5
3648,1.7
3649,2.2
3650,1.9
3651,1.6
3652,1.5
3653,1.4
3654,1
3655,0.7
3656,0.5
3657,0.5
3658,0.5
3659,0.7
3660,1.2
3661,2.2
3662,2.9
3663,2.6
3664,2.6
3665,2.2
3666,1.5
3667,0.9
3668,1
3669,1.1
3670,1.2
3671,1.8
3672,1.8
3673,1.7
3674,1.7
3675,1.6
3676,1.7
3677,1.8
3678,1.5
3679,1.2
3680,0.8
3681,0.5
3682,0.5
3683,0.7
3684,1.1
3685,1.4
3686,1.7
3687,1.8
3688,1.8
3689,1.7
3690,1.3
3691,1.3
3692,1
3693,1
3694,1.4
3695,1.6
3696,1.4
3697,1.7
3698,1.4
3699,1.5
3700,1.4
3701,1.5
3702,1.6
3703,1.2
3704,0.9
3705,0.6
3706,-200
3707,0.7
3708,0.7
3709,1.7
3710,2.2
3711,1.9
3712,1.5
3713,1.6
3714,1.3
3715,1.1
3716,1
3717,1
3718,1.1
3719,1.3
3720,1.5
3721,1.6
3722,1.5
3723,1.3
3724,1.2
3725,1.6
3726,1.4
3727,1.1
3728,0.7
3729,0.4
3730,0.5
3731,0.5
3732,0.8
3733,1.6
3734,1.6
3735,1.4
3736,1.5
3737,1.2
3738,1.1
3739,0.8
3740,0.7
3741,0.7
3742,0.7
3743,1
3744,1
3745,1.2
3746,1.1
3747,1
3748,1.2
3749,1.4
3750,1.3
3751,1
3752,0.6
3753,0.4
3754,0.4
3755,0.4
3756,0.5
3757,1.1
3758,1.2
3759,0.9
3760,0.9
3761,1
3762,0.8
3763,0.8
3764,0.7
3765,0.7
3766,0.7
3767,0.7
3768,0.9
3769,1.2
3770,1.4
3771,1.2
3772,1
3773,0.9
3774,0.7
3775,0.5
3776,0.5
3777,0.4
3778,-200
3779,0.4
3780,0.4
3781,0.5
3782,0.7
3783,1.1
3784,1
3785,1.2
3786,1.1
3787,0.6
3788,0.4
3789,0.4
3790,0.5
3791,0.6
3792,0.8
3793,1
3794,1.1
3795,1.1
3796,1.6
3797,0.9
3798,0.7
3799,0.7
3800,0.5
3801,0.4
3802,0.3
3803,0.4
3804,0.9
3805,1.3
3806,1.6
3807,2.1
3808,2
3809,1.4
3810,1.4
3811,0.9
3812,0.8
3813,0.8
3814,1
3815,1.3
3816,1.3
3817,1.3
3818,1.6
3819,1.4
3820,1.3
3821,1
3822,0.9
3823,0.6
3824,0.5
3825,0.5
3826,0.4
3827,0.4
3828,1
3829,2.2
3830,2.5
3831,2.3
3832,2
3833,-200
3834,-200
3835,-200
3836,-200
3837,-200
3838,-200
3839,-200
3840,-200
3841,-200
3842,-200
3843,-200
3844,-200
3845,-200
3846,-200
3847,-200
3848,-200
3849,-200
3850,-200
3851,-200
3852,-200
3853,-200
3854,-200
3855,-200
3856,-200
3857,-200
3858,-200
3859,-200
3860,-200
3861,-200
3862,1.4
3863,1.7
3864,1.5
3865,1.7
3866,1.6
3867,1.4
3868,1.4
3869,1.4
3870,1.2
3871,0.9
3872,0.6
3873,0.4
3874,0.5
3875,0.5
3876,0.8
3877,1.4
3878,1.2
3879,1
3880,1.2
3881,1.1
3882,1.2
3883,1.1
3884,1
3885,1
3886,1.2
3887,1.7
3888,1.7
3889,1.7
3890,1.7
3891,-200
3892,-200
3893,-200
3894,-200
3895,-200
3896,-200
3897,-200
3898,-200
3899,-200
3900,-200
3901,-200
3902,-200
3903,-200
3904,-200
3905,-200
3906,-200
3907,-200
3908,-200
3909,-200
3910,-200
3911,-200
3912,-200
3913,-200
3914,-200
3915,-200
3916,-200
3917,-200
3918,-200
3919,-200
3920,-200
3921,-200
3922,-200
3923,-200
3924,-200
3925,-200
3926,-200
3927,-200
3928,-200
3929,-200
3930,-200
3931,-200
3932,-200
3933,-200
3934,-200
3935,-200
3936,-200
3937,-200
3938,-200
3939,-200
3940,-200
3941,-200
3942,-200
3943,-200
3944,-200
3945,-200
3946,-200
3947,-200
3948,-200
3949,-200
3950,-200
3951,-200
3952,-200
3953,-200
3954,-200
3955,-200
3956,-200
3957,-200
3958,-200
3959,-200
3960,-200
3961,-200
3962,-200
3963,-200
3964,-200
3965,-200
3966,-200
3967,-200
3968,-200
3969,-200
3970,-200
3971,-200
3972,-200
3973,-200
3974,-200
3975,2
3976,-200
3977,1.6
3978,1.3
3979,1
3980,0.9
3981,1
3982,1.1
3983,1.5
3984,1.5
3985,1.6
3986,1.7
3987,1.4
3988,1.2
3989,1.1
3990,1.1
3991,1.2
3992,0.7
3993,0.5
3994,0.4
3995,0.7
3996,1.1
3997,1.6
3998,2.3
3999,1.6
4000,2
4001,1.6
4002,1.6
4003,1.3
4004,1
4005,1.6
4006,2
4007,1.7
4008,1.7
4009,1.4
4010,1.3
4011,1.3
4012,1.6
4013,1.8
4014,1.5
4015,1.3
4016,1.1
4017,0.5
4018,0.6
4019,0.7
4020,1.1
4021,1.9
4022,3.5
4023,2.9
4024,2.2
4025,2
4026,1.7
4027,1.6
4028,1.3
4029,1.3
4030,1.3
4031,1.6
4032,1.3
4033,1.4
4034,1.4
4035,1.3
4036,1.4
4037,1.5
4038,1.5
4039,0.9
4040,0.6
4041,0.5
4042,-200
4043,0.5
4044,1
4045,1.9
4046,2.6
4047,1.7
4048,1.7
4049,1.4
4050,1.6
4051,1.3
4052,0.9
4053,1.4
4054,1
4055,2.2
4056,1.9
4057,2.1
4058,1.7
4059,1
4060,1.1
4061,0.7
4062,1.3
4063,1.3
4064,1
4065,0.7
4066,0.6
4067,0.7
4068,1.1
4069,2.4
4070,2.4
4071,2.3
4072,2.2
4073,1.8
4074,2
4075,1.5
4076,1.4
4077,1.5
4078,1.6
4079,1.9
4080,2
4081,2.3
4082,2.4
4083,1.8
4084,1.7
4085,1.2
4086,0.8
4087,0.7
4088,0.6
4089,0.6
4090,0.6
4091,0.4
4092,0.5
4093,0.7
4094,1.2
4095,1.7
4096,1.8
4097,1.5
4098,1.2
4099,1.1
4100,-200
4101,-200
4102,-200
4103,-200
4104,-200
4105,-200
4106,-200
4107,-200
4108,-200
4109,-200
4110,-200
4111,-200
4112,-200
4113,-200
4114,-200
4115,-200
4116,-200
4117,-200
4118,-200
4119,-200
4120,-200
4121,-200
4122,-200
4123,-200
4124,-200
4125,-200
4126,-200
4127,-200
4128,-200
4129,-200
4130,-200
4131,-200
4132,-200
4133,-200
4134,-200
4135,-200
4136,-200
4137,-200
4138,-200
4139,-200
4140,-200
4141,-200
4142,-200
4143,-200
4144,-200
4145,-200
4146,-200
4147,-200
4148,-200
4149,-200
4150,-200
4151,-200
4152,-200
4153,-200
4154,-200
4155,-200
4156,-200
4157,-200
4158,-200
4159,-200
4160,-200
4161,-200
4162,-200
4163,-200
4164,-200
4165,-200
4166,-200
4167,-200
4168,-200
4169,-200
4170,-200
4171,-200
4172,2.9
4173,1.9
4174,1.4
4175,2
4176,2.7
4177,2.8
4178,2
4179,2.1
4180,2
4181,1.8
4182,1.9
4183,1.3
4184,0.7
4185,0.5
4186,0.5
4187,0.6
4188,1.3
4189,3.6
4190,4.9
4191,3.9
4192,2.2
4193,1.9
4194,2.2
4195,2
4196,1.7
4197,2
4198,2.1
4199,3.2
4200,4
4201,4.4
4202,3
4203,2.2
4204,1.7
4205,1.9
4206,2
4207,1.5
4208,0.8
4209,0.6
4210,0.6
4211,0.7
4212,0.8
4213,2.9
4214,5.2
4215,3.3
4216,-200
4217,-200
4218,-200
4219,-200
4220,-200
4221,-200
4222,-200
4223,-200
4224,-200
4225,-200
4226,-200
4227,-200
4228,-200
4229,-200
4230,-200
4231,-200
4232,-200
4233,-200
4234,-200
4235,-200
4236,-200
4237,-200
4238,-200
4239,-200
4240,-200
4241,-200
4242,-200
4243,-200
4244,-200
4245,-200
4246,-200
4247,4.6
4248,4.3
4249,4.9
4250,4
4251,2.6
4252,1.3
4253,1.5
4254,2.2
4255,1.2
4256,0.9
4257,0.8
4258,0.8
4259,0.8
4260,1
4261,1.7
4262,1.9
4263,2
4264,2.2
4265,2.3
4266,2.3
4267,1.8
4268,1.4
4269,1.6
4270,2.3
4271,2.4
4272,2.1
4273,1.8
4274,1.7
4275,1.9
4276,1.6
4277,2.6
4278,5.8
4279,3
4280,1.5
4281,0.9
4282,1.1
4283,0.9
4284,0.7
4285,0.6
4286,0.7
4287,0.8
4288,0.9
4289,1
4290,0.9
4291,0.7
4292,0.6
4293,0.6
4294,0.8
4295,0.9
4296,1.1
4297,1.7
4298,1.5
4299,1.6
4300,1.7
4301,1.3
4302,1.3
4303,1
4304,0.6
4305,0.5
4306,-200
4307,0.4
4308,0.7
4309,1.8
4310,1.9
4311,1.7
4312,1.3
4313,1.4
4314,1.3
4315,1.4
4316,1.2
4317,1.3
4318,1.5
4319,2.3
4320,2.6
4321,2.9
4322,1.8
4323,1.3
4324,1.3
4325,1.2
4326,1.2
4327,0.8
4328,0.6
4329,0.6
4330,0.6
4331,0.7
4332,1.3
4333,2.5
4334,3.4
4335,2.1
4336,2.2
4337,1.7
4338,2.1
4339,2.2
4340,1.4
4341,1.4
4342,1.6
4343,2.3
4344,3.3
4345,4.1
4346,3.3
4347,2.2
4348,-200
4349,-200
4350,-200
4351,-200
4352,-200
4353,-200
4354,-200
4355,-200
4356,-200
4357,-200
4358,-200
4359,-200
4360,-200
4361,-200
4362,-200
4363,-200
4364,-200
4365,-200
4366,-200
4367,3.4
4368,4
4369,4.7
4370,3.8
4371,2.8
4372,2.6
4373,2
4374,1.4
4375,1.2
4376,0.6
4377,0.3
4378,0.2
4379,0.4
4380,0.6
4381,3
4382,3.2
4383,3.5
4384,3.1
4385,2.2
4386,1.7
4387,2
4388,2.5
4389,2.4
4390,2.9
4391,4.2
4392,5.4
4393,4.3
4394,3.6
4395,2
4396,1.5
4397,1.5
4398,1.2
4399,1
4400,0.5
4401,0.5
4402,0.4
4403,0.5
4404,0.7
4405,2.4
4406,4.1
4407,3
4408,2
4409,2.5
4410,2.4
4411,2.6
4412,1.9
4413,2.1
4414,2.5
4415,2.7
4416,3.3
4417,3.2
4418,2.6
4419,1.4
4420,1.6
4421,1.7
4422,1.6
4423,-200
4424,-200
4425,-200
4426,-200
4427,-200
4428,-200
4429,-200
4430,-200
4431,-200
4432,-200
4433,-200
4434,-200
4435,-200
4436,-200
4437,-200
4438,-200
4439,-200
4440,-200
4441,-200
4442,-200
4443,-200
4444,-200
4445,-200
4446,-200
4447,-200
4448,-200
4449,-200
4450,-200
4451,-200
4452,-200
4453,-200
4454,-200
4455,-200
4456,-200
4457,-200
4458,-200
4459,-200
4460,-200
4461,-200
4462,-200
4463,-200
4464,-200
4465,-200
4466,-200
4467,-200
4468,-200
4469,-200
4470,-200
4471,-200
4472,-200
4473,-200
4474,-200
4475,-200
4476,-200
4477,-200
4478,-200
4479,-200
4480,3.1
4481,2.9
4482,3
4483,3
4484,2.2
4485,2
4486,2.3
4487,3.1
4488,-200
4489,6.2
4490,4.7
4491,3
4492,2.1
4493,1
4494,0.8
4495,0.7
4496,-200
4497,-200
4498,-200
4499,-200
4500,-200
4501,-200
4502,-200
4503,-200
4504,-200
4505,-200
4506,-200
4507,-200
4508,-200
4509,-200
4510,-200
4511,-200
4512,-200
4513,-200
4514,-200
4515,-200
4516,-200
4517,-200
4518,-200
4519,-200
4520,-200
4521,-200
4522,-200
4523,-200
4524,-200
4525,-200
4526,-200
4527,-200
4528,-200
4529,-200
4530,-200
4531,-200
4532,-200
4533,-200
4534,-200
4535,3.3
4536,6.1
4537,6.7
4538,4.4
4539,1.9
4540,1.8
4541,1.5
4542,1.6
4543,0.8
4544,0.5
4545,0.7
4546,0.6
4547,0.9
4548,1.4
4549,4.2
4550,4.1
4551,3.6
4552,2.5
4553,1.3
4554,1.7
4555,2.1
4556,1.7
4557,1.9
4558,2.3
4559,3.3
4560,3.5
4561,3.6
4562,2.9
4563,2
4564,1.9
4565,1.5
4566,1.1
4567,0.8
4568,0.5
4569,0.4
4570,0.3
4571,0.3
4572,0.5
4573,2.4
4574,2.2
4575,1.4
4576,1.6
4577,1.6
4578,1.6
4579,2.1
4580,1.1
4581,1.6
4582,2.4
4583,2.9
4584,2.7
4585,3.1
4586,2.2
4587,1.5
4588,1.2
4589,1.3
4590,1.4
4591,0.9
4592,0.7
4593,0.6
4594,-200
4595,0.5
4596,0.8
4597,1.2
4598,1.1
4599,1.6
4600,1.4
4601,1.2
4602,1.4
4603,1.6
4604,1.1
4605,1.1
4606,1.3
4607,1.5
4608,2
4609,2.4
4610,2
4611,1.5
4612,1.7
4613,2.5
4614,2.2
4615,1.4
4616,1.2
4617,1.2
4618,0.9
4619,0.5
4620,0.6
4621,1
4622,1.3
4623,1.7
4624,2.2
4625,2.1
4626,2.2
4627,2
4628,2
4629,1.2
4630,1.8
4631,4.3
4632,3.8
4633,4.4
4634,3.8
4635,1.9
4636,1.7
4637,1.8
4638,1.1
4639,0.8
4640,0.7
4641,0.6
4642,0.5
4643,0.5
4644,0.9
4645,3.5
4646,-200
4647,5.7
4648,3.5
4649,3.7
4650,3.1
4651,3
4652,2.6
4653,2.4
4654,2.6
4655,5
4656,5.6
4657,6.5
4658,4.1
4659,2.1
4660,2
4661,1.4
4662,0.8
4663,0.8
4664,0.6
4665,0.5
4666,0.4
4667,0.6
4668,1.4
4669,5.6
4670,7.3
4671,5.3
4672,4.4
4673,3.1
4674,3.3
4675,3.8
4676,2.3
4677,2.6
4678,3.2
4679,5
4680,5.6
4681,5.4
4682,4.4
4683,2.4
4684,1.5
4685,1.3
4686,1.1
4687,1
4688,0.6
4689,0.5
4690,0.6
4691,0.8
4692,1.5
4693,4.1
4694,5.5
4695,5.5
4696,3.7
4697,3.3
4698,2.5
4699,2.6
4700,2.2
4701,2.6
4702,2.9
4703,5
4704,5.1
4705,5.2
4706,3.8
4707,2.2
4708,2.1
4709,1.8
4710,1.6
4711,1.4
4712,0.8
4713,0.5
4714,-200
4715,0.5
4716,0.9
4717,3.2
4718,2.8
4719,2.7
4720,2.4
4721,2.7
4722,2.8
4723,2.9
4724,2.6
4725,2.6
4726,3.2
4727,4.6
4728,4.9
4729,4.7
4730,3.3
4731,2.3
4732,2.1
4733,1.7
4734,1
4735,0.9
4736,0.7
4737,0.4
4738,0.4
4739,0.5
4740,1.3
4741,3.5
4742,5.5
4743,5.6
4744,3.4
4745,3.2
4746,3.7
4747,4.6
4748,4.2
4749,3.3
4750,2.7
4751,2.2
4752,2.8
4753,2.9
4754,2
4755,0.7
4756,0.6
4757,1.2
4758,1.2
4759,1.1
4760,0.6
4761,0.3
4762,0.3
4763,0.3
4764,0.4
4765,0.6
4766,0.7
4767,1
4768,1.1
4769,1.5
4770,1.4
4771,1.4
4772,1
4773,0.9
4774,1.1
4775,1.3
4776,1.8
4777,2.4
4778,2.7
4779,1.7
4780,2.2
4781,2.8
4782,2.4
4783,2.5
4784,1.4
4785,1.4
4786,-200
4787,0.9
4788,0.6
4789,1
4790,1.6
4791,0.9
4792,0.9
4793,1
4794,1
4795,0.9
4796,0.9
4797,0.9
4798,0.9
4799,2.7
4800,2.2
4801,3.3
4802,2.1
4803,1.8
4804,1.9
4805,2.3
4806,1.9
4807,1.3
4808,1
4809,0.6
4810,0.6
4811,0.9
4812,1.5
4813,5.5
4814,4
4815,1.8
4816,1.9
4817,1.7
4818,1.6
4819,1.9
4820,1.6
4821,1.8
4822,2
4823,3.1
4824,3.9
4825,4.3
4826,3.5
4827,2.4
4828,1.5
4829,1.3
4830,1
4831,0.8
4832,0.5
4833,0.4
4834,0.5
4835,0.7
4836,1.2
4837,2.4
4838,4.3
4839,4.1
4840,3.7
4841,3.4
4842,3.8
4843,4.1
4844,3.4
4845,2.3
4846,3.2
4847,4.8
4848,6.7
4849,7.5
4850,4.5
4851,2.1
4852,1.5
4853,1.1
4854,1.1
4855,0.9
4856,0.5
4857,0.4
4858,-200
4859,0.4
4860,0.7
4861,2
4862,4.2
4863,5.2
4864,3.8
4865,3.7
4866,3.4
4867,3.1
4868,2.4
4869,2.8
4870,3.6
4871,4
4872,5.6
4873,6.3
4874,4.7
4875,1.9
4876,1.9
4877,1.2
4878,0.9
4879,-200
4880,-200
4881,-200
4882,-200
4883,-200
4884,-200
4885,-200
4886,-200
4887,-200
4888,-200
4889,-200
4890,1.7
4891,1.7
4892,2.2
4893,2.8
4894,3.9
4895,6.5
4896,6.3
4897,5.7
4898,4.4
4899,1.6
4900,1.5
4901,1.7
4902,1.9
4903,1.6
4904,1.3
4905,0.8
4906,0.6
4907,0.7
4908,1.6
4909,2.9
4910,4.1
4911,3.7
4912,3.6
4913,3.4
4914,3.7
4915,4.1
4916,3.2
4917,2.4
4918,3.4
4919,5.6
4920,-200
4921,-200
4922,-200
4923,-200
4924,-200
4925,-200
4926,-200
4927,-200
4928,-200
4929,-200
4930,-200
4931,-200
4932,-200
4933,-200
4934,-200
4935,-200
4936,-200
4937,-200
4938,-200
4939,-200
4940,-200
4941,-200
4942,-200
4943,-200
4944,-200
4945,-200
4946,-200
4947,-200
4948,-200
4949,-200
4950,-200
4951,-200
4952,-200
4953,-200
4954,-200
4955,-200
4956,-200
4957,-200
4958,-200
4959,-200
4960,-200
4961,-200
4962,-200
4963,-200
4964,-200
4965,-200
4966,-200
4967,-200
4968,-200
4969,-200
4970,-200
4971,-200
4972,-200
4973,-200
4974,-200
4975,-200
4976,-200
4977,-200
4978,-200
4979,-200
4980,-200
4981,-200
4982,-200
4983,-200
4984,-200
4985,-200
4986,-200
4987,-200
4988,-200
4989,-200
4990,-200
4991,-200
4992,-200
4993,-200
4994,-200
4995,-200
4996,-200
4997,-200
4998,-200
4999,-200
5000,-200
5001,-200
5002,-200
5003,-200
5004,-200
5005,-200
5006,-200
5007,-200
5008,-200
5009,-200
5010,-200
5011,-200
5012,-200
5013,-200
5014,-200
5015,-200
5016,-200
5017,-200
5018,-200
5019,-200
5020,-200
5021,-200
5022,-200
5023,-200
5024,-200
5025,-200
5026,-200
5027,-200
5028,-200
5029,-200
5030,-200
5031,-200
5032,-200
5033,-200
5034,-200
5035,-200
5036,-200
5037,-200
5038,-200
5039,-200
5040,-200
5041,-200
5042,-200
5043,-200
5044,-200
5045,-200
5046,-200
5047,-200
5048,-200
5049,-200
5050,-200
5051,-200
5052,-200
5053,-200
5054,-200
5055,-200
5056,-200
5057,-200
5058,-200
5059,-200
5060,-200
5061,-200
5062,2.9
5063,5.4
5064,5.3
5065,6.7
5066,7
5067,2.8
5068,1.7
5069,1.7
5070,1.7
5071,1.2
5072,0.7
5073,0.7
5074,0.8
5075,0.9
5076,1.7
5077,5.7
5078,4.3
5079,3.9
5080,5.1
5081,3.7
5082,3.3
5083,3.6
5084,3.2
5085,3.5
5086,2.4
5087,2.9
5088,2.3
5089,3.1
5090,2.9
5091,1.5
5092,1.5
5093,1.7
5094,1.6
5095,1.3
5096,1.4
5097,0.9
5098,0.9
5099,1.3
5100,1.3
5101,2.9
5102,3.2
5103,3.4
5104,3.6
5105,2.3
5106,3.1
5107,3.3
5108,1.9
5109,2.6
5110,2.7
5111,3.7
5112,3.8
5113,4.8
5114,3.5
5115,2.2
5116,1.5
5117,3.4
5118,3.7
5119,2
5120,1.4
5121,1.1
5122,-200
5123,0.7
5124,1.2
5125,1.3
5126,1.1
5127,1
5128,1.2
5129,1.9
5130,2.3
5131,1.6
5132,1.3
5133,1.8
5134,1.7
5135,1.8
5136,2
5137,2.2
5138,1.6
5139,1.3
5140,1.5
5141,1.5
5142,1.3
5143,1.4
5144,0.5
5145,0.4
5146,0.4
5147,0.6
5148,1.1
5149,2.9
5150,3.5
5151,4.6
5152,3.4
5153,2.3
5154,2.7
5155,3.1
5156,3.2
5157,2.5
5158,3.4
5159,4.8
5160,4.5
5161,4
5162,3.2
5163,1.9
5164,1.9
5165,1.3
5166,1.1
5167,1
5168,0.5
5169,0.6
5170,0.5
5171,0.8
5172,1.2
5173,2.7
5174,3
5175,-200
5176,-200
5177,-200
5178,-200
5179,-200
5180,-200
5181,-200
5182,-200
5183,-200
5184,-200
5185,-200
5186,-200
5187,-200
5188,-200
5189,-200
5190,-200
5191,-200
5192,-200
5193,-200
5194,-200
5195,-200
5196,-200
5197,-200
5198,-200
5199,1.5
5200,1.2
5201,-200
5202,-200
5203,-200
5204,-200
5205,-200
5206,-200
5207,-200
5208,-200
5209,-200
5210,-200
5211,-200
5212,-200
5213,-200
5214,-200
5215,-200
5216,-200
5217,-200
5218,-200
5219,-200
5220,-200
5221,-200
5222,-200
5223,-200
5224,-200
5225,-200
5226,-200
5227,-200
5228,-200
5229,-200
5230,-200
5231,-200
5232,-200
5233,-200
5234,-200
5235,-200
5236,-200
5237,-200
5238,-200
5239,-200
5240,-200
5241,-200
5242,-200
5243,-200
5244,-200
5245,-200
5246,-200
5247,-200
5248,-200
5249,-200
5250,-200
5251,-200
5252,-200
5253,-200
5254,-200
5255,-200
5256,-200
5257,-200
5258,-200
5259,-200
5260,-200
5261,-200
5262,-200
5263,-200
5264,-200
5265,-200
5266,-200
5267,-200
5268,-200
5269,-200
5270,-200
5271,-200
5272,-200
5273,-200
5274,-200
5275,-200
5276,-200
5277,-200
5278,-200
5279,-200
5280,-200
5281,-200
5282,-200
5283,-200
5284,-200
5285,-200
5286,-200
5287,-200
5288,-200
5289,-200
5290,-200
5291,-200
5292,-200
5293,-200
5294,-200
5295,-200
5296,-200
5297,-200
5298,-200
5299,-200
5300,-200
5301,-200
5302,-200
5303,-200
5304,-200
5305,-200
5306,-200
5307,-200
5308,-200
5309,-200
5310,-200
5311,-200
5312,-200
5313,-200
5314,-200
5315,-200
5316,-200
5317,-200
5318,-200
5319,-200
5320,-200
5321,-200
5322,-200
5323,-200
5324,-200
5325,-200
5326,-200
5327,-200
5328,-200
5329,-200
5330,-200
5331,-200
5332,-200
5333,-200
5334,-200
5335,-200
5336,-200
5337,-200
5338,-200
5339,-200
5340,-200
5341,-200
5342,-200
5343,-200
5344,-200
5345,-200
5346,-200
5347,-200
5348,-200
5349,-200
5350,-200
5351,-200
5352,-200
5353,-200
5354,-200
5355,-200
5356,-200
5357,-200
5358,-200
5359,-200
5360,-200
5361,-200
5362,-200
5363,-200
5364,-200
5365,-200
5366,-200
5367,-200
5368,-200
5369,-200
5370,-200
5371,-200
5372,-200
5373,-200
5374,4.7
5375,8
5376,7.7
5377,6.8
5378,6
5379,4.7
5380,3.4
5381,3.9
5382,4.4
5383,3.3
5384,2
5385,1.5
5386,-200
5387,0.8
5388,1.3
5389,2.7
5390,3.6
5391,3.6
5392,2.6
5393,2
5394,3.3
5395,2.6
5396,2.1
5397,2.9
5398,3
5399,3.2
5400,4.4
5401,6
5402,5
5403,4.3
5404,4.3
5405,4.2
5406,2.2
5407,1.3
5408,1
5409,0.7
5410,-200
5411,0.9
5412,1
5413,2.8
5414,4.1
5415,2.9
5416,2.7
5417,2.1
5418,2.4
5419,3.8
5420,3.7
5421,3.7
5422,5.5
5423,5.4
5424,8.4
5425,6.8
5426,4.5
5427,2.5
5428,1.6
5429,1.7
5430,1.7
5431,1.1
5432,1
5433,0.8
5434,-200
5435,0.7
5436,1.2
5437,2.3
5438,3
5439,3.3
5440,2.8
5441,3
5442,3.4
5443,3
5444,2.3
5445,3.1
5446,3
5447,3.3
5448,4
5449,4.6
5450,4.1
5451,2.3
5452,2.6
5453,2.6
5454,2.9
5455,2.1
5456,2.1
5457,1.5
5458,-200
5459,1.4
5460,1.2
5461,1.5
5462,0.9
5463,1.4
5464,2.1
5465,1.6
5466,1.5
5467,1.1
5468,1.4
5469,2
5470,2
5471,2.5
5472,4.3
5473,5.2
5474,3.4
5475,1.3
5476,1.2
5477,1.7
5478,1.7
5479,1.4
5480,0.9
5481,0.7
5482,-200
5483,0.9
5484,1.2
5485,3.2
5486,4.4
5487,3.5
5488,3.2
5489,3
5490,3.5
5491,4
5492,3.8
5493,4.2
5494,5
5495,7.9
5496,8.4
5497,8
5498,6.4
5499,3.5
5500,3.5
5501,1.9
5502,2.2
5503,1.6
5504,1
5505,1
5506,-200
5507,0.9
5508,1.4
5509,3
5510,4.5
5511,3.8
5512,3.4
5513,3.5
5514,4.4
5515,4
5516,4.5
5517,5.3
5518,5.8
5519,8.4
5520,9.5
5521,6.2
5522,5
5523,2.1
5524,1.4
5525,1.6
5526,2
5527,1.2
5528,0.8
5529,0.6
5530,-200
5531,0.7
5532,1.7
5533,3.4
5534,4.9
5535,2.7
5536,3.2
5537,2.7
5538,3.2
5539,4.1
5540,3.6
5541,2.8
5542,2.1
5543,2.4
5544,3.6
5545,2.6
5546,2.8
5547,1.4
5548,1.1
5549,1.3
5550,0.9
5551,1
5552,0.9
5553,0.7
5554,-200
5555,0.8
5556,1.6
5557,3.4
5558,4.4
5559,3.5
5560,3.4
5561,2.4
5562,2.3
5563,2.6
5564,2.9
5565,4.4
5566,5
5567,6.5
5568,5.9
5569,2.7
5570,2.5
5571,1.5
5572,1
5573,1.2
5574,1
5575,0.8
5576,0.6
5577,0.6
5578,-200
5579,1.1
5580,1.3
5581,2.9
5582,3.7
5583,3
5584,1.4
5585,2.6
5586,4.2
5587,5.1
5588,5.5
5589,4.5
5590,2.7
5591,3.1
5592,4.2
5593,3.1
5594,1.7
5595,1.8
5596,1.7
5597,2.1
5598,2.4
5599,1.8
5600,1.5
5601,1.4
5602,-200
5603,1
5604,1.4
5605,2.4
5606,3.1
5607,3
5608,2.7
5609,4
5610,3.7
5611,3.4
5612,3.4
5613,3.2
5614,3.9
5615,3.7
5616,4.3
5617,4.9
5618,4
5619,2.8
5620,2.4
5621,1.9
5622,2
5623,1.5
5624,1.3
5625,1
5626,-200
5627,0.5
5628,0.4
5629,0.4
5630,0.9
5631,1.3
5632,2.1
5633,2.4
5634,2
5635,1.8
5636,1.5
5637,1.6
5638,2.2
5639,2.3
5640,6.6
5641,4.7
5642,4.1
5643,4.1
5644,2.7
5645,2.6
5646,3.2
5647,3.7
5648,3.5
5649,3
5650,-200
5651,2.7
5652,1.8
5653,1.3
5654,1.5
5655,1.9
5656,2.2
5657,2.6
5658,2.7
5659,2.5
5660,1.5
5661,2
5662,3.1
5663,3.7
5664,4
5665,4.1
5666,3.1
5667,3.2
5668,3.2
5669,2.7
5670,2.3
5671,1.6
5672,1.1
5673,0.7
5674,-200
5675,0.6
5676,0.5
5677,1.5
5678,3.4
5679,4.4
5680,4.4
5681,5.8
5682,4.9
5683,5.1
5684,7.5
5685,5.8
5686,5.9
5687,6.8
5688,7.9
5689,8
5690,9.2
5691,5.9
5692,3.7
5693,2.6
5694,1.1
5695,2.6
5696,2.2
5697,0.9
5698,-200
5699,0.5
5700,0.7
5701,1.3
5702,2.2
5703,3.7
5704,3.7
5705,3.4
5706,3.4
5707,2.6
5708,2.5
5709,2.5
5710,2.7
5711,3.2
5712,3.7
5713,4.6
5714,3.3
5715,2.4
5716,2.8
5717,2.7
5718,1.8
5719,1.1
5720,1.2
5721,0.8
5722,0.6
5723,0.5
5724,0.7
5725,0.8
5726,3.5
5727,3.6
5728,-200
5729,-200
5730,-200
5731,-200
5732,-200
5733,-200
5734,-200
5735,-200
5736,8.7
5737,5.8
5738,4.3
5739,3.6
5740,3.9
5741,2.4
5742,1.6
5743,1.8
5744,1.5
5745,0.7
5746,0.5
5747,0.4
5748,0.5
5749,0.8
5750,2
5751,6.2
5752,4.5
5753,4.6
5754,3.3
5755,3.6
5756,4.4
5757,4.3
5758,5
5759,8.1
5760,8
5761,3.6
5762,2.9
5763,2.7
5764,1.9
5765,1.3
5766,1.2
5767,1.8
5768,1.9
5769,1.5
5770,0.9
5771,0.5
5772,0.6
5773,1.1
5774,2.8
5775,2.9
5776,1.7
5777,2.3
5778,3.3
5779,3.5
5780,3.8
5781,3.4
5782,3.8
5783,3.6
5784,3.5
5785,2.8
5786,2.5
5787,3.1
5788,1.8
5789,1.6
5790,1.9
5791,2
5792,1.4
5793,1.2
5794,-200
5795,0.7
5796,0.4
5797,0.4
5798,0.5
5799,0.7
5800,0.7
5801,0.7
5802,1
5803,1
5804,0.9
5805,0.9
5806,0.9
5807,1.1
5808,3.2
5809,3.1
5810,3.1
5811,2.3
5812,1.8
5813,0.8
5814,0.9
5815,0.8
5816,0.7
5817,0.4
5818,0.2
5819,0.2
5820,0.3
5821,0.7
5822,1.7
5823,1.8
5824,1.5
5825,1.3
5826,1.2
5827,1.3
5828,1.8
5829,1.7
5830,2.2
5831,3.2
5832,5.9
5833,6.6
5834,-200
5835,-200
5836,-200
5837,-200
5838,-200
5839,-200
5840,-200
5841,-200
5842,-200
5843,-200
5844,-200
5845,-200
5846,-200
5847,-200
5848,-200
5849,-200
5850,-200
5851,-200
5852,-200
5853,2.1
5854,1.5
5855,1.6
5856,3.5
5857,4.6
5858,4.7
5859,3
5860,1.5
5861,0.9
5862,0.8
5863,0.7
5864,0.6
5865,0.3
5866,0.2
5867,0.2
5868,0.3
5869,0.5
5870,1.4
5871,2
5872,1.6
5873,1.3
5874,1.4
5875,1.9
5876,2.7
5877,2.1
5878,2.4
5879,2.7
5880,2.5
5881,3.7
5882,4.6
5883,3.9
5884,2.2
5885,2.7
5886,2.6
5887,2.1
5888,1.4
5889,1.2
5890,1.1
5891,1.1
5892,1.1
5893,1.5
5894,3.1
5895,6.8
5896,5.4
5897,4.5
5898,3
5899,2.8
5900,3.9
5901,3.4
5902,3.2
5903,2.8
5904,3.9
5905,3.5
5906,4.7
5907,4.6
5908,1.2
5909,1.1
5910,1.2
5911,1.6
5912,0.7
5913,0.4
5914,-200
5915,0.6
5916,0.5
5917,0.6
5918,1.4
5919,2
5920,1.6
5921,1.6
5922,1.7
5923,2
5924,2.3
5925,2.4
5926,2.2
5927,2.6
5928,4
5929,5.2
5930,3.9
5931,3.8
5932,1.6
5933,1.5
5934,1.6
5935,1.5
5936,1
5937,0.8
5938,1.3
5939,1
5940,1
5941,0.9
5942,2.1
5943,2.1
5944,3.1
5945,3.8
5946,3.7
5947,3.6
5948,3.3
5949,2.1
5950,2.3
5951,2.1
5952,1.9
5953,1.9
5954,2.3
5955,1.7
5956,0.8
5957,0.8
5958,0.8
5959,0.8
5960,0.6
5961,0.4
5962,0.3
5963,0.3
5964,0.2
5965,0.2
5966,0.3
5967,0.3
5968,0.4
5969,0.4
5970,0.6
5971,0.6
5972,0.6
5973,0.5
5974,0.6
5975,0.7
5976,1.4
5977,1.2
5978,1.1
5979,1
5980,0.6
5981,0.8
5982,0.6
5983,0.5
5984,0.3
5985,0.2
5986,-200
5987,0.3
5988,0.4
5989,0.7
5990,2
5991,2.4
5992,1.8
5993,1.6
5994,1.7
5995,1.8
5996,1.7
5997,1.7
5998,1.7
5999,2.6
6000,4
6001,3.8
6002,4
6003,2.4
6004,1.4
6005,1.3
6006,1.3
6007,1
6008,0.8
6009,0.6
6010,0.4
6011,0.5
6012,0.5
6013,0.9
6014,3.5
6015,5.2
6016,4.3
6017,3.5
6018,2.6
6019,2.5
6020,2.8
6021,2.2
6022,2.4
6023,3.5
6024,4.2
6025,3.1
6026,3.2
6027,2.8
6028,2.2
6029,1.8
6030,1.7
6031,1.6
6032,1.1
6033,0.8
6034,0.7
6035,0.8
6036,0.9
6037,1.2
6038,3.3
6039,3.8
6040,3.2
6041,-200
6042,3.2
6043,4.2
6044,4.3
6045,4
6046,4.1
6047,7.8
6048,10.2
6049,6.6
6050,4.3
6051,4.9
6052,2.6
6053,2.3
6054,2.7
6055,2.2
6056,2
6057,1.3
6058,1.2
6059,1.1
6060,1.4
6061,2.1
6062,4.5
6063,5.6
6064,5.6
6065,4.7
6066,4.2
6067,3.6
6068,3.2
6069,3.1
6070,3.8
6071,3.9
6072,4.6
6073,4.9
6074,5.4
6075,4.3
6076,3.1
6077,2.5
6078,2.4
6079,1.9
6080,1.3
6081,1.2
6082,1.1
6083,0.9
6084,1
6085,1.6
6086,4.8
6087,5.9
6088,5.6
6089,3.5
6090,2.8
6091,3.6
6092,4.8
6093,5
6094,5.6
6095,7.5
6096,7.2
6097,8.3
6098,8.6
6099,4.3
6100,2.6
6101,2.6
6102,2.7
6103,2.7
6104,2.6
6105,2.4
6106,-200
6107,0.6
6108,0.7
6109,1.2
6110,2
6111,2.8
6112,2.9
6113,2.2
6114,1.6
6115,1.5
6116,1.9
6117,1.5
6118,1.8
6119,3.4
6120,4.6
6121,1.6
6122,1.2
6123,1.2
6124,0.9
6125,0.7
6126,2.5
6127,1.5
6128,0.5
6129,0.3
6130,0.5
6131,0.1
6132,0.2
6133,-200
6134,0.2
6135,0.5
6136,0.4
6137,0.8
6138,1.5
6139,1.9
6140,1.1
6141,0.3
6142,0.9
6143,2.1
6144,2.4
6145,1.6
6146,1.1
6147,1.3
6148,0.8
6149,1
6150,0.3
6151,1
6152,0.4
6153,0.1
6154,-200
6155,-200
6156,0.1
6157,0.4
6158,2.4
6159,3.1
6160,3.1
6161,2.7
6162,2.3
6163,3
6164,3.6
6165,3.1
6166,3.5
6167,4
6168,6.3
6169,6.9
6170,6.5
6171,3.3
6172,2.4
6173,1.7
6174,1.3
6175,1.1
6176,0.8
6177,0.3
6178,-200
6179,1.3
6180,1.4
6181,2.1
6182,4.5
6183,5.7
6184,6.6
6185,5
6186,5.3
6187,5.4
6188,7.3
6189,5.1
6190,5.3
6191,7.3
6192,10.2
6193,11.9
6194,11.5
6195,8.3
6196,4.7
6197,4
6198,3.9
6199,2.8
6200,2.3
6201,1.8
6202,1.4
6203,1
6204,1
6205,1.8
6206,3.8
6207,4.2
6208,3.6
6209,3.3
6210,2
6211,2
6212,2.9
6213,2.7
6214,3.4
6215,4.5
6216,6.1
6217,6.8
6218,8.4
6219,5.3
6220,4.5
6221,4.1
6222,4
6223,4
6224,3
6225,2.1
6226,2.2
6227,2.2
6228,2
6229,2.2
6230,4
6231,4.8
6232,4.6
6233,2.8
6234,2.1
6235,2
6236,2.5
6237,2.5
6238,2.8
6239,4
6240,4.5
6241,3.1
6242,2.6
6243,2.6
6244,2
6245,1.8
6246,2.5
6247,2.3
6248,2.1
6249,1.5
6250,-200
6251,1.2
6252,1
6253,1.7
6254,4.3
6255,5.8
6256,5.6
6257,4
6258,4
6259,4.9
6260,5.6
6261,5.1
6262,6.2
6263,7.7
6264,10.1
6265,6.4
6266,7.7
6267,8.1
6268,4.7
6269,4.3
6270,4.1
6271,4.2
6272,3.8
6273,2.7
6274,2.4
6275,2
6276,1.7
6277,2.1
6278,2.5
6279,3.8
6280,3.9
6281,4.2
6282,4
6283,4.4
6284,4.7
6285,4.6
6286,4.8
6287,4.5
6288,5.6
6289,4.9
6290,5.3
6291,4.6
6292,2.4
6293,2.7
6294,2.5
6295,2.3
6296,-200
6297,1.3
6298,1
6299,0.9
6300,0.7
6301,0.8
6302,1
6303,1.1
6304,0.8
6305,1.4
6306,2.2
6307,2.7
6308,2.3
6309,1.9
6310,2.7
6311,3.2
6312,3.2
6313,3.5
6314,4.5
6315,4.1
6316,3.3
6317,3.1
6318,3
6319,2.3
6320,2.3
6321,1.7
6322,1.5
6323,1.3
6324,1.4
6325,2
6326,4.2
6327,5.9
6328,6.3
6329,6.6
6330,5
6331,2.5
6332,2.6
6333,1.9
6334,2.3
6335,1.9
6336,2.3
6337,1.8
6338,1.9
6339,1.4
6340,1.2
6341,1
6342,1.2
6343,1.4
6344,1.2
6345,0.8
6346,0.6
6347,0.6
6348,0.7
6349,1.1
6350,2.5
6351,3.6
6352,3.6
6353,3.3
6354,2
6355,1.9
6356,2.2
6357,2.2
6358,3.8
6359,3.5
6360,5.2
6361,6.3
6362,6.8
6363,4.1
6364,2.3
6365,1.9
6366,2.2
6367,1.3
6368,1.2
6369,0.9
6370,-200
6371,0.6
6372,0.9
6373,1.4
6374,3.4
6375,5
6376,4.7
6377,3.2
6378,3.5
6379,4
6380,5.7
6381,5
6382,5.6
6383,6.2
6384,7.5
6385,3
6386,2.6
6387,2.1
6388,1.8
6389,2
6390,2.2
6391,1.9
6392,1.6
6393,1.1
6394,0.9
6395,0.7
6396,0.9
6397,1.4
6398,4.2
6399,5
6400,4.4
6401,3.4
6402,2.8
6403,3.4
6404,2.9
6405,3.9
6406,4
6407,4.9
6408,7.7
6409,9.4
6410,7.8
6411,6.6
6412,4.7
6413,4.8
6414,3.2
6415,2.6
6416,2.1
6417,1.3
6418,1.1
6419,0.7
6420,0.9
6421,1.5
6422,3.8
6423,6
6424,5.1
6425,3.6
6426,3
6427,3.1
6428,3.3
6429,3.4
6430,4.6
6431,6.9
6432,5.1
6433,4.9
6434,6.1
6435,6.2
6436,3
6437,3.4
6438,3.5
6439,3.2
6440,2.9
6441,2.1
6442,-200
6443,1.7
6444,1.7
6445,1.3
6446,2.8
6447,2.5
6448,2.7
6449,1.5
6450,2.6
6451,3.1
6452,2.5
6453,2.6
6454,2.5
6455,2.3
6456,3.1
6457,1.9
6458,2.5
6459,3.1
6460,2
6461,1.9
6462,2.4
6463,2
6464,1.2
6465,1
6466,1
6467,0.8
6468,0.6
6469,0.7
6470,0.8
6471,0.9
6472,1
6473,1.3
6474,1.7
6475,2.4
6476,1.7
6477,1.8
6478,1.5
6479,1.1
6480,2.4
6481,2
6482,1.5
6483,1.7
6484,1
6485,1
6486,1
6487,0.9
6488,1.1
6489,1.1
6490,0.6
6491,0.7
6492,0.9
6493,1.3
6494,3.1
6495,4.9
6496,4.7
6497,3.2
6498,2.5
6499,3.8
6500,3.3
6501,2.5
6502,2.7
6503,2.9
6504,3.1
6505,4
6506,3.1
6507,2.7
6508,1.7
6509,1.5
6510,1.4
6511,1.4
6512,1.1
6513,1.1
6514,-200
6515,0.6
6516,0.8
6517,1
6518,2.8
6519,3.4
6520,3.3
6521,4.1
6522,3.5
6523,3
6524,3.6
6525,3
6526,2.6
6527,2.6
6528,3.1
6529,3.2
6530,2.4
6531,2.6
6532,2.4
6533,1.8
6534,1.7
6535,1.9
6536,1.4
6537,1.5
6538,1.7
6539,1
6540,0.9
6541,1
6542,1
6543,1.1
6544,1.7
6545,2.3
6546,2.1
6547,2.7
6548,2.3
6549,1.2
6550,1.4
6551,1.9
6552,2.6
6553,2.4
6554,3.5
6555,3.5
6556,2.2
6557,2.3
6558,1.9
6559,1
6560,0.8
6561,0.5
6562,0.4
6563,0.4
6564,0.4
6565,0.6
6566,1.9
6567,2
6568,1.4
6569,1.4
6570,1.5
6571,1.6
6572,1.8
6573,1.4
6574,1.7
6575,1.7
6576,2.3
6577,3.2
6578,2.6
6579,1.6
6580,0.8
6581,0.7
6582,0.6
6583,0.7
6584,0.7
6585,0.5
6586,-200
6587,0.3
6588,0.4
6589,0.5
6590,1.4
6591,2.4
6592,1.8
6593,1.5
6594,1.5
6595,1.8
6596,2.1
6597,1.7
6598,2.3
6599,2.9
6600,4
6601,4.2
6602,3.5
6603,2.6
6604,1.3
6605,1
6606,1.6
6607,1.6
6608,1.1
6609,1.1
6610,0.8
6611,0.8
6612,1
6613,1.2
6614,1.7
6615,2.4
6616,2.8
6617,2.9
6618,2.6
6619,2.3
6620,2.3
6621,1.7
6622,1.8
6623,2.5
6624,2.4
6625,2
6626,2.3
6627,2.9
6628,2
6629,2.5
6630,3
6631,2.4
6632,2.6
6633,2
6634,2.1
6635,1.7
6636,1.5
6637,1.3
6638,1.9
6639,2
6640,2.7
6641,2.4
6642,2.7
6643,3.2
6644,3.4
6645,3.2
6646,4.3
6647,5
6648,6.3
6649,4.6
6650,3.1
6651,2.6
6652,2.1
6653,2.1
6654,2.5
6655,2
6656,1.8
6657,1.3
6658,-200
6659,0.7
6660,0.9
6661,1.5
6662,3.4
6663,3.4
6664,3.2
6665,4.8
6666,3.5
6667,4.1
6668,4.8
6669,4.4
6670,4.5
6671,5.9
6672,9.9
6673,6.9
6674,4.3
6675,2.9
6676,2
6677,1.7
6678,1.9
6679,2
6680,1.9
6681,1
6682,0.8
6683,0.7
6684,1.1
6685,1.7
6686,3.1
6687,4.4
6688,5.6
6689,4.4
6690,4.4
6691,4.7
6692,4.2
6693,3.3
6694,5.1
6695,7.4
6696,9.3
6697,7.4
6698,5.3
6699,4.1
6700,2.5
6701,2.1
6702,2.9
6703,2.3
6704,1.7
6705,0.9
6706,0.7
6707,0.8
6708,1
6709,1.2
6710,3.5
6711,4.5
6712,4.9
6713,3.5
6714,3.4
6715,4
6716,4.3
6717,4
6718,4.7
6719,6.6
6720,7.3
6721,3.6
6722,2.4
6723,2.1
6724,2.1
6725,1.7
6726,2.2
6727,2
6728,1.6
6729,1.7
6730,-200
6731,1
6732,1
6733,1.6
6734,3.5
6735,5.3
6736,4.6
6737,4.5
6738,4.2
6739,4.1
6740,5.5
6741,4.8
6742,5.5
6743,5.2
6744,7.5
6745,8.6
6746,9.1
6747,8.6
6748,5.4
6749,4.3
6750,4.2
6751,4.3
6752,4.2
6753,2.8
6754,2.2
6755,1.8
6756,2
6757,2.5
6758,4.1
6759,6.3
6760,5
6761,5.1
6762,3.6
6763,3.5
6764,3.7
6765,3.1
6766,3.2
6767,3.8
6768,3.2
6769,3.2
6770,3.3
6771,3.1
6772,2.4
6773,1.4
6774,2.1
6775,1.4
6776,1.4
6777,1.3
6778,1
6779,1.3
6780,1
6781,1.1
6782,2.1
6783,3.2
6784,3.3
6785,2.3
6786,1
6787,0.8
6788,0.8
6789,0.6
6790,0.9
6791,0.8
6792,1.2
6793,2.1
6794,3.9
6795,4.4
6796,2
6797,2.3
6798,3.6
6799,3.9
6800,1.6
6801,1
6802,-200
6803,1
6804,0.8
6805,0.7
6806,1
6807,1
6808,1.5
6809,2.5
6810,2.6
6811,3.2
6812,3
6813,3.4
6814,3.3
6815,3.6
6816,5.5
6817,4.5
6818,4.7
6819,4.3
6820,3.2
6821,2.9
6822,3.1
6823,2.8
6824,1.2
6825,0.9
6826,0.8
6827,0.6
6828,0.6
6829,1
6830,3.2
6831,3.6
6832,2.9
6833,2.4
6834,2.5
6835,2.6
6836,2.3
6837,2.2
6838,2.3
6839,2.9
6840,4.1
6841,4.1
6842,4
6843,3.7
6844,1.7
6845,1.1
6846,1.1
6847,1.5
6848,0.5
6849,0.3
6850,0.2
6851,0.3
6852,0.6
6853,0.7
6854,2.6
6855,5.5
6856,2.6
6857,1.5
6858,1.7
6859,2.2
6860,2.1
6861,2.2
6862,2.3
6863,2.5
6864,3.1
6865,3.6
6866,3.9
6867,4
6868,2.3
6869,1.5
6870,1.5
6871,2.2
6872,1.3
6873,0.9
6874,-200
6875,0.5
6876,0.5
6877,0.9
6878,2
6879,3.2
6880,2.3
6881,1.8
6882,2.1
6883,1.9
6884,2.4
6885,2.1
6886,2.8
6887,3.3
6888,2.9
6889,3.9
6890,4.1
6891,3.3
6892,3.3
6893,1.9
6894,2
6895,1.9
6896,2.1
6897,1.7
6898,1.3
6899,1.1
6900,1.2
6901,1.8
6902,3.6
6903,3.7
6904,3.4
6905,4
6906,3.8
6907,4.1
6908,4.9
6909,3.3
6910,4.3
6911,6.6
6912,8.5
6913,8.7
6914,9.1
6915,7.2
6916,5
6917,4.2
6918,4.6
6919,3.9
6920,3.4
6921,3
6922,2.4
6923,2.5
6924,3.5
6925,3.9
6926,4.8
6927,6.1
6928,6.6
6929,6.5
6930,6
6931,6.9
6932,7.9
6933,6.1
6934,6.7
6935,6.8
6936,6.7
6937,6.4
6938,6.8
6939,5.6
6940,5.4
6941,5.2
6942,5.9
6943,5.6
6944,5.5
6945,5.2
6946,-200
6947,2.2
6948,2
6949,2.2
6950,2
6951,2.5
6952,3
6953,2.8
6954,3.4
6955,5.5
6956,4
6957,2.4
6958,3.1
6959,4
6960,4.6
6961,4.8
6962,6.2
6963,4.6
6964,4.5
6965,4.2
6966,2.6
6967,1.6
6968,1.3
6969,0.6
6970,0.5
6971,0.4
6972,0.3
6973,0.4
6974,0.6
6975,0.9
6976,1.1
6977,1
6978,1.6
6979,1.8
6980,1
6981,0.8
6982,1.4
6983,2.1
6984,2.3
6985,3.5
6986,3.8
6987,2.4
6988,1
6989,1.3
6990,2.3
6991,1.5
6992,1.1
6993,0.6
6994,0.7
6995,0.4
6996,0.5
6997,0.8
6998,1.9
6999,2.3
7000,1.9
7001,1.6
7002,1.4
7003,1.5
7004,1.4
7005,2
7006,2.5
7007,2.2
7008,2
7009,2.1
7010,2.1
7011,2.1
7012,1.6
7013,1.1
7014,1.2
7015,-200
7016,-200
7017,-200
7018,-200
7019,-200
7020,-200
7021,-200
7022,-200
7023,-200
7024,-200
7025,-200
7026,-200
7027,-200
7028,-200
7029,-200
7030,-200
7031,-200
7032,-200
7033,-200
7034,-200
7035,-200
7036,-200
7037,-200
7038,-200
7039,-200
7040,-200
7041,-200
7042,-200
7043,-200
7044,-200
7045,-200
7046,-200
7047,-200
7048,-200
7049,-200
7050,-200
7051,-200
7052,-200
7053,-200
7054,-200
7055,-200
7056,-200
7057,-200
7058,-200
7059,-200
7060,-200
7061,-200
7062,-200
7063,-200
7064,-200
7065,-200
7066,-200
7067,-200
7068,-200
7069,-200
7070,-200
7071,-200
7072,-200
7073,-200
7074,-200
7075,-200
7076,-200
7077,-200
7078,-200
7079,-200
7080,-200
7081,-200
7082,-200
7083,-200
7084,-200
7085,-200
7086,-200
7087,-200
7088,-200
7089,-200
7090,-200
7091,-200
7092,-200
7093,-200
7094,-200
7095,-200
7096,-200
7097,-200
7098,-200
7099,-200
7100,-200
7101,-200
7102,-200
7103,-200
7104,-200
7105,-200
7106,-200
7107,-200
7108,-200
7109,-200
7110,-200
7111,1.6
7112,2.5
7113,2.7
7114,1.9
7115,1.4
7116,1.5
7117,1.4
7118,1.1
7119,1
7120,1.2
7121,1.7
7122,2.3
7123,2.2
7124,2.4
7125,2.2
7126,2.1
7127,3
7128,4.7
7129,3.6
7130,2.5
7131,2.3
7132,2.1
7133,1.7
7134,1.8
7135,1.6
7136,1.3
7137,1.3
7138,1.3
7139,1.1
7140,1
7141,1
7142,1.2
7143,1.3
7144,1.6
7145,2.2
7146,2.2
7147,2.8
7148,2.1
7149,1.6
7150,2.8
7151,2.6
7152,2.8
7153,2.9
7154,3.4
7155,2.9
7156,3.2
7157,3.1
7158,3
7159,3.4
7160,3
7161,2.7
7162,-200
7163,1.1
7164,1.4
7165,1.8
7166,3.6
7167,3.1
7168,1.9
7169,1.7
7170,1.7
7171,1.6
7172,1.6
7173,1.7
7174,2.2
7175,3.3
7176,3.9
7177,5
7178,4.2
7179,3.2
7180,1.7
7181,1.5
7182,1.3
7183,1.2
7184,1.3
7185,0.8
7186,0.6
7187,0.8
7188,0.9
7189,1.1
7190,3.4
7191,3.6
7192,3.1
7193,3.3
7194,3.4
7195,2.8
7196,2.6
7197,3
7198,2.9
7199,3.8
7200,3.8
7201,3.6
7202,4.5
7203,3.7
7204,2.4
7205,1.7
7206,1.7
7207,1.7
7208,1.9
7209,2
7210,2
7211,1.7
7212,1.8
7213,2.2
7214,3.7
7215,4.8
7216,4.8
7217,5.2
7218,5.9
7219,5.9
7220,3.1
7221,2.6
7222,2.8
7223,2.8
7224,2.8
7225,3.1
7226,3.3
7227,2.7
7228,2.3
7229,1.6
7230,1.6
7231,1.7
7232,1.6
7233,1.4
7234,-200
7235,0.9
7236,0.8
7237,0.7
7238,1.1
7239,1.5
7240,1.5
7241,1.6
7242,1.6
7243,2
7244,1.7
7245,1.5
7246,2
7247,1.9
7248,2.1
7249,2.8
7250,2.7
7251,2.4
7252,1.6
7253,1.7
7254,1.3
7255,1.4
7256,1.2
7257,1
7258,1
7259,0.6
7260,0.7
7261,1
7262,1.7
7263,3
7264,2.4
7265,2.2
7266,2.6
7267,2.5
7268,3
7269,3.3
7270,3.8
7271,3.6
7272,5
7273,5.7
7274,5
7275,4.8
7276,3.9
7277,3.3
7278,3.4
7279,2.4
7280,1.4
7281,1.4
7282,1.2
7283,1.2
7284,1.2
7285,1.3
7286,2.3
7287,3.4
7288,3
7289,2.5
7290,2.7
7291,2.8
7292,3.6
7293,3.1
7294,4.3
7295,4.6
7296,4.3
7297,4.3
7298,5.5
7299,3.4
7300,2.4
7301,1.6
7302,1.7
7303,1.6
7304,1.3
7305,0.8
7306,-200
7307,0.6
7308,0.6
7309,0.5
7310,0.6
7311,0.7
7312,0.9
7313,1.5
7314,1.9
7315,1.9
7316,2.2
7317,3.8
7318,2
7319,2.2
7320,3.3
7321,2.7
7322,2.6
7323,2.5
7324,1.5
7325,1.9
7326,2
7327,1.7
7328,1.2
7329,0.9
7330,0.6
7331,-200
7332,-200
7333,0.4
7334,2.6
7335,3.5
7336,2.1
7337,2.1
7338,1.7
7339,2.6
7340,2.6
7341,2.4
7342,2.4
7343,2
7344,2
7345,3.1
7346,3.3
7347,3.3
7348,2.6
7349,1.7
7350,1.8
7351,1.5
7352,1.1
7353,0.9
7354,0.7
7355,0.7
7356,0.9
7357,1.3
7358,3.2
7359,5.1
7360,3.7
7361,3.2
7362,3.1
7363,3
7364,3.6
7365,3.2
7366,3.9
7367,3.4
7368,3.9
7369,3.6
7370,4.7
7371,4.1
7372,3.4
7373,3.5
7374,1.2
7375,2.4
7376,2.1
7377,1.1
7378,-200
7379,1
7380,1.4
7381,1.8
7382,3.8
7383,4.1
7384,4.4
7385,3.5
7386,3.5
7387,3.8
7388,3.1
7389,3.4
7390,3.3
7391,3.4
7392,4.7
7393,5.7
7394,5.6
7395,5.9
7396,3.6
7397,2.5
7398,2.9
7399,2.5
7400,1.7
7401,1.6
7402,1.1
7403,0.9
7404,1
7405,1.6
7406,3.1
7407,4.1
7408,3.9
7409,3.6
7410,3.2
7411,2.2
7412,2.4
7413,2.7
7414,2.7
7415,3.9
7416,5.2
7417,4
7418,2.9
7419,3.3
7420,2
7421,1.8
7422,2.7
7423,1.8
7424,1.3
7425,1
7426,1.1
7427,1.6
7428,1.3
7429,1.4
7430,5
7431,4.3
7432,4.1
7433,3.8
7434,3.1
7435,3.3
7436,3.1
7437,2.7
7438,3.4
7439,5
7440,5.7
7441,5.8
7442,5.8
7443,5
7444,1.7
7445,1.6
7446,2.3
7447,2.4
7448,2
7449,1.6
7450,-200
7451,1.1
7452,1
7453,1.3
7454,1.9
7455,2.6
7456,2.7
7457,2.4
7458,2.7
7459,3.1
7460,4.4
7461,3.2
7462,2.9
7463,3
7464,3.7
7465,5.2
7466,3.3
7467,3.6
7468,2.3
7469,3
7470,3.8
7471,3.2
7472,2.1
7473,1.7
7474,1.7
7475,1.4
7476,1.2
7477,1.4
7478,1.4
7479,1.7
7480,1
7481,1
7482,0.8
7483,1
7484,0.8
7485,0.7
7486,1.1
7487,1.1
7488,1.2
7489,2
7490,2.2
7491,1.5
7492,1.2
7493,1.5
7494,1.4
7495,1.2
7496,1
7497,0.6
7498,0.7
7499,0.5
7500,0.7
7501,1
7502,3
7503,4.1
7504,3.1
7505,3.8
7506,2.7
7507,3.1
7508,3.1
7509,3.2
7510,3.3
7511,4
7512,8.6
7513,8.7
7514,3.6
7515,3
7516,1.9
7517,1.9
7518,1.6
7519,1.4
7520,1
7521,0.7
7522,-200
7523,0.8
7524,0.9
7525,1.5
7526,3.1
7527,5.1
7528,5.8
7529,3.8
7530,4.4
7531,4.9
7532,5.2
7533,4.6
7534,4.8
7535,4.9
7536,4.9
7537,5.5
7538,4.2
7539,1.5
7540,0.1
7541,0.2
7542,0.9
7543,1
7544,0.4
7545,-200
7546,-200
7547,-200
7548,-200
7549,0.1
7550,0.7
7551,1.2
7552,0.2
7553,-200
7554,-200
7555,0.3
7556,0.6
7557,0.2
7558,0.2
7559,0.7
7560,1.8
7561,2.2
7562,2.3
7563,2.6
7564,1.1
7565,1.2
7566,1.8
7567,1.1
7568,0.9
7569,0.7
7570,0.6
7571,0.6
7572,0.9
7573,1
7574,3.4
7575,4.2
7576,4.4
7577,2.9
7578,2.6
7579,2.6
7580,3
7581,2.3
7582,3
7583,4.5
7584,6
7585,4.3
7586,3.4
7587,2.8
7588,2.1
7589,1.7
7590,1.8
7591,1.6
7592,1.4
7593,1.3
7594,-200
7595,1.3
7596,1.6
7597,2.4
7598,4.5
7599,5.7
7600,4.3
7601,4.2
7602,4.5
7603,5
7604,2.9
7605,3
7606,3.3
7607,1.4
7608,2.3
7609,1.6
7610,4.9
7611,6.4
7612,3.5
7613,1.7
7614,2.6
7615,1.6
7616,1.5
7617,0.9
7618,0.5
7619,0.9
7620,0.4
7621,0.5
7622,0.8
7623,1.4
7624,1.6
7625,1.5
7626,1
7627,1
7628,1.3
7629,0.1
7630,-200
7631,-200
7632,0.1
7633,0.4
7634,0.7
7635,2.7
7636,2.1
7637,1.3
7638,0.8
7639,-200
7640,-200
7641,-200
7642,-200
7643,-200
7644,-200
7645,-200
7646,-200
7647,-200
7648,-200
7649,-200
7650,-200
7651,-200
7652,-200
7653,-200
7654,-200
7655,-200
7656,-200
7657,-200
7658,-200
7659,-200
7660,-200
7661,-200
7662,-200
7663,-200
7664,0.1
7665,-200
7666,-200
7667,0.3
7668,0.5
7669,0.6
7670,1.8
7671,2
7672,1.4
7673,0.6
7674,0.5
7675,0.7
7676,0.7
7677,1.1
7678,1.3
7679,1
7680,1.5
7681,1.5
7682,1.2
7683,0.3
7684,-200
7685,-200
7686,-200
7687,-200
7688,-200
7689,-200
7690,-200
7691,-200
7692,-200
7693,-200
7694,0.2
7695,0.7
7696,0.5
7697,0.4
7698,0.3
7699,0.3
7700,0.4
7701,0.2
7702,0.4
7703,0.4
7704,0.7
7705,1
7706,1.1
7707,0.3
7708,0.1
7709,-200
7710,-200
7711,-200
7712,-200
7713,-200
7714,-200
7715,-200
7716,-200
7717,-200
7718,0.3
7719,0.6
7720,0.3
7721,0.1
7722,0.1
7723,0.2
7724,0.5
7725,0.3
7726,0.3
7727,0.3
7728,1
7729,1.4
7730,1.4
7731,1.1
7732,0.4
7733,0.2
7734,0.2
7735,0.2
7736,0.2
7737,-200
7738,-200
7739,0.4
7740,0.5
7741,0.7
7742,1.9
7743,2.4
7744,2
7745,1.3
7746,1
7747,1.2
7748,1.5
7749,1.3
7750,1.5
7751,1.5
7752,2.1
7753,2.6
7754,3
7755,2
7756,1.4
7757,1.3
7758,1.2
7759,1.1
7760,0.9
7761,0.8
7762,0.6
7763,0.5
7764,0.6
7765,0.7
7766,1.6
7767,2.2
7768,1.8
7769,1.5
7770,1.8
7771,1.4
7772,2.1
7773,1.6
7774,1.3
7775,1.9
7776,2.4
7777,3
7778,1.9
7779,1.8
7780,1.1
7781,1.1
7782,1.1
7783,1
7784,0.7
7785,0.6
7786,0.5
7787,0.5
7788,0.4
7789,0.5
7790,0.8
7791,1.1
7792,1.1
7793,1.1
7794,1.1
7795,1.1
7796,1.2
7797,1
7798,1.2
7799,1.3
7800,1.4
7801,1.3
7802,1.4
7803,1.5
7804,1
7805,1
7806,1.1
7807,1.3
7808,1
7809,1.1
7810,-200
7811,0.6
7812,0.5
7813,0.4
7814,0.5
7815,0.7
7816,0.8
7817,0.8
7818,1
7819,0.9
7820,0.9
7821,0.9
7822,1
7823,1
7824,1.1
7825,1.2
7826,1.6
7827,1.7
7828,1.1
7829,1.3
7830,1.7
7831,1.5
7832,0.8
7833,0.5
7834,0.4
7835,0.4
7836,0.4
7837,0.7
7838,1.8
7839,-200
7840,3.5
7841,2.8
7842,3.1
7843,2.5
7844,2.7
7845,2.9
7846,3.2
7847,4.1
7848,6.1
7849,6.8
7850,6.8
7851,3.7
7852,2.1
7853,1.4
7854,1.3
7855,1.1
7856,1
7857,0.9
7858,0.8
7859,0.9
7860,1.1
7861,1.6
7862,3.7
7863,4.8
7864,4.1
7865,4.5
7866,4.5
7867,3.7
7868,4.2
7869,3.3
7870,3.2
7871,3.6
7872,3.5
7873,4.1
7874,4
7875,3.3
7876,3
7877,2.6
7878,2.6
7879,2.6
7880,2.9
7881,2.9
7882,2.5
7883,2
7884,2.2
7885,2.4
7886,4
7887,6.7
7888,5.6
7889,4.3
7890,4
7891,2.6
7892,2.2
7893,1.9
7894,1.8
7895,3.1
7896,4.8
7897,5.8
7898,5.9
7899,4.1
7900,1.8
7901,1.7
7902,1.7
7903,1.5
7904,1.1
7905,0.9
7906,-200
7907,0.3
7908,0.4
7909,0.6
7910,3
7911,5.6
7912,4.9
7913,3.5
7914,2.2
7915,2.7
7916,2.7
7917,2.1
7918,2
7919,2.4
7920,6.7
7921,6.4
7922,3.9
7923,2.7
7924,3
7925,2.1
7926,1.2
7927,1.2
7928,0.7
7929,0.9
7930,0.8
7931,0.4
7932,0.7
7933,1.4
7934,4
7935,3.9
7936,3.1
7937,3.2
7938,1.5
7939,1.2
7940,1.9
7941,1.5
7942,1.4
7943,1.9
7944,2.2
7945,3
7946,2.6
7947,2.8
7948,1.6
7949,1.3
7950,1.6
7951,1.5
7952,1.3
7953,1.6
7954,2
7955,1.3
7956,0.9
7957,1.4
7958,3.1
7959,4.1
7960,1.3
7961,0.9
7962,1
7963,1
7964,1.1
7965,0.8
7966,1
7967,0.9
7968,0.9
7969,1.6
7970,1.4
7971,1.4
7972,1.1
7973,1.2
7974,1.8
7975,1.4
7976,1.4
7977,0.9
7978,-200
7979,0.8
7980,0.7
7981,0.7
7982,0.6
7983,0.8
7984,1.3
7985,2
7986,1.7
7987,1.2
7988,1
7989,0.8
7990,1
7991,1.4
7992,1.1
7993,1.6
7994,1.8
7995,1.4
7996,1.1
7997,1
7998,1.1
7999,1
8000,0.8
8001,0.6
8002,0.6
8003,0.6
8004,0.6
8005,0.8
8006,2.3
8007,2.8
8008,2.1
8009,1.7
8010,1.4
8011,1.6
8012,1.4
8013,1.3
8014,1.4
8015,1.7
8016,1.9
8017,2.3
8018,2
8019,1.6
8020,1
8021,0.9
8022,0.9
8023,0.9
8024,0.5
8025,0.4
8026,0.5
8027,0.6
8028,0.6
8029,1
8030,2.1
8031,2.9
8032,2.2
8033,1.6
8034,1.8
8035,1.5
8036,2.2
8037,1.6
8038,1.5
8039,1.8
8040,1.8
8041,2.3
8042,1.9
8043,1.9
8044,1.1
8045,0.9
8046,0.8
8047,0.9
8048,0.7
8049,0.8
8050,-200
8051,0.7
8052,0.6
8053,1
8054,1.7
8055,2.7
8056,3.3
8057,2.1
8058,2
8059,2
8060,2.3
8061,2
8062,2.1
8063,2.3
8064,3.1
8065,3.9
8066,3.8
8067,2.9
8068,2.2
8069,1.9
8070,2
8071,1.8
8072,1.6
8073,1.5
8074,1.4
8075,1.5
8076,1.7
8077,1.9
8078,3.3
8079,3.8
8080,4.3
8081,3.7
8082,2.7
8083,2.2
8084,2.4
8085,2.2
8086,2.3
8087,2.6
8088,4.2
8089,6.2
8090,8.4
8091,4.5
8092,2.7
8093,2.4
8094,2.3
8095,2.2
8096,2
8097,1.6
8098,1.6
8099,1.5
8100,1.7
8101,1.8
8102,3.8
8103,5.9
8104,5.4
8105,4.7
8106,4.3
8107,5.4
8108,5.8
8109,6.1
8110,7.1
8111,6.6
8112,6.5
8113,7.1
8114,4.9
8115,4
8116,4
8117,3.6
8118,4.2
8119,4.3
8120,3.6
8121,2.5
8122,-200
8123,1.4
8124,1.4
8125,1.6
8126,2.3
8127,2.4
8128,2.7
8129,3.4
8130,3.1
8131,3.6
8132,3.8
8133,3.3
8134,3.4
8135,3.7
8136,4.6
8137,5
8138,5.7
8139,5.2
8140,5
8141,4.5
8142,4.1
8143,4.1
8144,3.1
8145,2.7
8146,2.8
8147,2.9
8148,2.6
8149,2.6
8150,2.8
8151,3.3
8152,3.2
8153,3.3
8154,1.5
8155,1.2
8156,1.1
8157,1.7
8158,1
8159,1
8160,2.6
8161,2.5
8162,2.1
8163,1
8164,1.3
8165,1.5
8166,1.4
8167,1.6
8168,1.1
8169,0.7
8170,0.5
8171,0.4
8172,0.7
8173,0.7
8174,2.3
8175,2.5
8176,1.7
8177,2.5
8178,2.1
8179,1.1
8180,1.3
8181,1.1
8182,1.1
8183,1.4
8184,2.3
8185,4.2
8186,3.5
8187,3
8188,1.7
8189,1.6
8190,1
8191,0.8
8192,0.6
8193,0.4
8194,-200
8195,0.3
8196,0.4
8197,0.5
8198,1.5
8199,2.1
8200,1.6
8201,1
8202,1.2
8203,1.3
8204,1.4
8205,1
8206,1.4
8207,1.5
8208,2.4
8209,2.8
8210,3.1
8211,3.1
8212,2
8213,2.1
8214,1.9
8215,2.5
8216,2
8217,1.4
8218,1.1
8219,0.8
8220,0.9
8221,1.6
8222,3.6
8223,3.3
8224,2.1
8225,1.3
8226,1.1
8227,1.5
8228,1.5
8229,1.6
8230,1.5
8231,1.6
8232,2.2
8233,3.4
8234,5.6
8235,5.2
8236,2.8
8237,2.4
8238,2.7
8239,2.6
8240,2.3
8241,1
8242,0.6
8243,0.5
8244,0.5
8245,1
8246,2.6
8247,2.7
8248,1.8
8249,1.2
8250,1.3
8251,1.4
8252,1.8
8253,1.3
8254,1.4
8255,1.4
8256,2.4
8257,2.8
8258,3.3
8259,2.5
8260,2.1
8261,1.2
8262,1.2
8263,1.3
8264,1
8265,0.8
8266,-200
8267,0.4
8268,0.5
8269,0.7
8270,2.1
8271,2.5
8272,2
8273,1.4
8274,1.3
8275,1.4
8276,1.6
8277,1.7
8278,1.8
8279,2.4
8280,2.8
8281,3.3
8282,4.8
8283,2.8
8284,2.4
8285,2.9
8286,2.7
8287,2.1
8288,1.5
8289,1.2
8290,0.9
8291,0.8
8292,0.8
8293,1.1
8294,1.9
8295,2.5
8296,2.2
8297,2.1
8298,2.3
8299,1.2
8300,1.2
8301,1.1
8302,1.1
8303,1.4
8304,1.7
8305,2.5
8306,2.7
8307,3.1
8308,2.8
8309,1.9
8310,1.9
8311,1.7
8312,2.2
8313,1.6
8314,1.5
8315,0.8
8316,0.5
8317,0.5
8318,0.7
8319,0.7
8320,0.9
8321,1
8322,1.1
8323,1.1
8324,1
8325,1.1
8326,1.3
8327,1.2
8328,1.3
8329,1.1
8330,1.5
8331,1.4
8332,1.1
8333,1.3
8334,1.4
8335,1.1
8336,0.8
8337,0.6
8338,-200
8339,0.5
8340,0.6
8341,1.2
8342,2.2
8343,2.9
8344,2.9
8345,2
8346,1.7
8347,2.2
8348,1.8
8349,1.6
8350,1.9
8351,2.2
8352,2.2
8353,4.9
8354,6.3
8355,2.7
8356,1.4
8357,1.2
8358,0.8
8359,0.8
8360,0.7
8361,0.4
8362,0.4
8363,0.5
8364,0.9
8365,1.5
8366,3.8
8367,5.4
8368,3.5
8369,1.7
8370,2
8371,2.1
8372,3
8373,2.1
8374,2.5
8375,2.2
8376,2.4
8377,3.6
8378,2.6
8379,2.7
8380,1.4
8381,0.9
8382,1.5
8383,1.1
8384,0.8
8385,0.6
8386,0.6
8387,0.6
8388,0.6
8389,0.7
8390,1.7
8391,1.9
8392,1.4
8393,1.3
8394,1.2
8395,1.9
8396,2.5
8397,2.3
8398,2.3
8399,2.5
8400,2.8
8401,2.7
8402,3.1
8403,2.9
8404,2.6
8405,1.5
8406,1.6
8407,1.1
8408,0.9
8409,0.7
8410,-200
8411,0.6
8412,0.8
8413,1.5
8414,3.1
8415,3.8
8416,2.7
8417,1.8
8418,1.4
8419,1.7
8420,1.9
8421,2.2
8422,3
8423,3
8424,3.9
8425,4
8426,3.9
8427,3.5
8428,2.4
8429,2.1
8430,2.5
8431,2.1
8432,1.5
8433,1.1
8434,1
8435,0.8
8436,1
8437,1.4
8438,3.6
8439,5.8
8440,4.2
8441,3.3
8442,1.7
8443,2.1
8444,2.2
8445,1.8
8446,2
8447,2.3
8448,2.8
8449,3.4
8450,4
8451,2.3
8452,2.7
8453,2.7
8454,2.8
8455,2.1
8456,1.9
8457,2.1
8458,1.7
8459,1.3
8460,0.9
8461,1
8462,1
8463,1.5
8464,1.5
8465,1.4
8466,2.4
8467,2.8
8468,2.9
8469,2.6
8470,2.5
8471,2.7
8472,2.8
8473,3
8474,3.7
8475,3.5
8476,3.8
8477,4.3
8478,4.8
8479,4.2
8480,3.3
8481,3
8482,-200
8483,1
8484,0.9
8485,1.1
8486,1.1
8487,1.2
8488,1.7
8489,1.6
8490,1.4
8491,1.8
8492,1.1
8493,0.9
8494,1.1
8495,1.1
8496,1.2
8497,1.6
8498,2.6
8499,1.5
8500,1
8501,1.3
8502,1.6
8503,1
8504,0.6
8505,0.4
8506,0.3
8507,0.3
8508,0.3
8509,0.4
8510,1
8511,1.2
8512,1
8513,0.9
8514,0.8
8515,1.1
8516,1
8517,0.8
8518,0.9
8519,0.9
8520,2
8521,2.4
8522,2.5
8523,1.6
8524,0.9
8525,0.7
8526,0.6
8527,0.6
8528,0.4
8529,0.2
8530,0.2
8531,0.2
8532,0.2
8533,0.5
8534,1.5
8535,1.9
8536,1.4
8537,0.9
8538,0.7
8539,0.8
8540,1
8541,0.9
8542,1
8543,0.9
8544,1.4
8545,2.1
8546,2.8
8547,2.2
8548,1
8549,1.1
8550,0.9
8551,0.8
8552,0.6
8553,0.5
8554,-200
8555,0.4
8556,0.5
8557,0.7
8558,2.4
8559,2.8
8560,2
8561,2.2
8562,1.4
8563,1.2
8564,1.9
8565,1.3
8566,2
8567,2
8568,3.4
8569,5.1
8570,5.3
8571,2.8
8572,1.6
8573,1.4
8574,1.4
8575,1.4
8576,1.1
8577,0.9
8578,1
8579,1
8580,1.2
8581,1.4
8582,3
8583,4.2
8584,2.1
8585,2
8586,1.6
8587,1.4
8588,1.6
8589,1.5
8590,1.7
8591,1.9
8592,3.8
8593,5.4
8594,4.2
8595,3.8
8596,2.3
8597,2.1
8598,2.3
8599,2.3
8600,1.7
8601,1.2
8602,0.6
8603,0.9
8604,1.1
8605,1.9
8606,3.7
8607,6.1
8608,4.6
8609,3.3
8610,3.3
8611,3.4
8612,3.6
8613,3.9
8614,4.8
8615,3.9
8616,3.6
8617,3.6
8618,4.6
8619,2.3
8620,1.6
8621,1.8
8622,2.2
8623,2.1
8624,1.7
8625,1.5
8626,-200
8627,1.1
8628,1.1
8629,0.8
8630,1.3
8631,2.3
8632,1.1
8633,1.1
8634,1.5
8635,1.6
8636,2.2
8637,1.5
8638,1.8
8639,2
8640,1.9
8641,2.5
8642,2.6
8643,3.2
8644,2.2
8645,1.9
8646,2.4
8647,1.8
8648,0.9
8649,0.8
8650,0.7
8651,0.6
8652,0.5
8653,0.6
8654,0.6
8655,0.7
8656,0.7
8657,0.9
8658,1
8659,1
8660,1.4
8661,3
8662,1.5
8663,1.7
8664,2.3
8665,2.5
8666,2.1
8667,1.5
8668,1.4
8669,1.4
8670,1.4
8671,1.2
8672,0.9
8673,0.6
8674,0.4
8675,0.4
8676,0.5
8677,0.7
8678,1.5
8679,1.9
8680,1.6
8681,1.4
8682,1.3
8683,1.3
8684,1.2
8685,1.3
8686,1.4
8687,1.7
8688,2.5
8689,3.8
8690,4.2
8691,2.8
8692,1.5
8693,1.8
8694,1.5
8695,1.5
8696,1.2
8697,0.8
8698,-200
8699,0.7
8700,0.7
8701,1.3
8702,3.4
8703,5.5
8704,4.1
8705,3
8706,1.9
8707,1.8
8708,2.1
8709,2.3
8710,2.3
8711,2
8712,3.1
8713,5.1
8714,5.9
8715,3.2
8716,2.4
8717,1.4
8718,1.4
8719,1.3
8720,1
8721,0.8
8722,0.8
8723,0.9
8724,0.9
8725,1.7
8726,4.3
8727,6
8728,3.8
8729,3.3
8730,2.3
8731,2.4
8732,2.2
8733,1.9
8734,1.7
8735,1.9
8736,3.8
8737,5.3
8738,5.9
8739,5.5
8740,2
8741,1.8
8742,1.6
8743,1.3
8744,1.1
8745,1.1
8746,1
8747,0.8
8748,0.9
8749,1.3
8750,4.1
8751,3.9
8752,3.5
8753,2.7
8754,2.3
8755,2.3
8756,2.1
8757,2.2
8758,1.8
8759,1.9
8760,2.7
8761,4.7
8762,5.4
8763,4.2
8764,2.1
8765,1.4
8766,1.4
8767,1.4
8768,1
8769,0.8
8770,-200
8771,0.7
8772,0.6
8773,0.2
8774,1.5
8775,3.5
8776,3
8777,3
8778,1
8779,1.5
8780,2.2
8781,1.7
8782,1.1
8783,1.3
8784,1.5
8785,3.4
8786,3.8
8787,2.8
8788,0.8
8789,0.5
8790,1
8791,0.4
8792,0.4
8793,0.3
8794,-200
8795,-200
8796,-200
8797,-200
8798,0.1
8799,0.2
8800,0.6
8801,0.7
8802,0.6
8803,0.3
8804,0.5
8805,0.2
8806,0.4
8807,0.7
8808,0.9
8809,0.8
8810,2.4
8811,3.3
8812,0.9
8813,0.1
8814,0.1
8815,0.1
8816,0.2
8817,-200
8818,-200
8819,-200
8820,-200
8821,-200
8822,-200
8823,0.1
8824,0.3
8825,1
8826,1.6
8827,1.4
8828,0.3
8829,0.1
8830,0.3
8831,0.5
8832,0.8
8833,3.2
8834,2.8
8835,1
8836,0.9
8837,0.9
8838,0.4
8839,0.4
8840,0.3
8841,0.1
8842,-200
8843,0.8
8844,1
8845,1.6
8846,3.5
8847,4
8848,3.5
8849,1.6
8850,1.5
8851,1.5
8852,1.7
8853,1.6
8854,2.4
8855,3.4
8856,5.4
8857,6.5
8858,6.5
8859,4
8860,2.1
8861,1.6
8862,1.5
8863,0.7
8864,0.7
8865,0.6
8866,0.5
8867,0.4
8868,0.6
8869,0.9
8870,2.6
8871,3.3
8872,4
8873,3.1
8874,2.2
8875,2.1
8876,2.2
8877,1.9
8878,2.5
8879,2.9
8880,3.9
8881,6.3
8882,7.4
8883,5.7
8884,2.3
8885,1.5
8886,1.4
8887,1.1
8888,0.9
8889,0.7
8890,0.6
8891,0.6
8892,0.8
8893,1
8894,2.1
8895,4.2
8896,4.3
8897,3.2
8898,2.8
8899,2.4
8900,2.5
8901,2.9
8902,3
8903,3.6
8904,3.5
8905,4.8
8906,4.4
8907,4.9
8908,2.9
8909,2.1
8910,1.6
8911,1.2
8912,0.9
8913,0.7
8914,-200
8915,0.5
8916,0.6
8917,1.3
8918,3.8
8919,5.6
8920,4.4
8921,3
8922,2.2
8923,2
8924,2.2
8925,2.1
8926,2.2
8927,1.9
8928,2.7
8929,3.9
8930,5.6
8931,4.9
8932,2.2
8933,1.9
8934,1.4
8935,1.3
8936,1.1
8937,0.9
8938,0.9
8939,0.7
8940,0.8
8941,1.2
8942,2.9
8943,5.4
8944,4.3
8945,3.1
8946,2.4
8947,2.3
8948,2.3
8949,2.3
8950,3.4
8951,3.7
8952,4.1
8953,5.6
8954,5.3
8955,4.9
8956,2
8957,1.9
8958,2.2
8959,1.9
8960,1.1
8961,1
8962,0.9
8963,0.9
8964,0.7
8965,1
8966,2
8967,2.7
8968,2.5
8969,2.4
8970,2.2
8971,2.1
8972,1.8
8973,1.4
8974,2.1
8975,1.7
8976,1.9
8977,2.7
8978,3.2
8979,3.3
8980,2.3
8981,1.9
8982,1.9
8983,1.9
8984,1.5
8985,1.1
8986,-200
8987,0.8
8988,0.6
8989,0.7
8990,0.7
8991,1
8992,1.5
8993,2.4
8994,1.6
8995,1.2
8996,0.9
8997,0.9
8998,1.1
8999,1.4
9000,1.7
9001,2.9
9002,4
9003,4
9004,1.9
9005,1.5
9006,1.5
9007,1.6
9008,1.1
9009,0.8
9010,0.7
9011,0.6
9012,0.7
9013,1.3
9014,3.2
9015,6.1
9016,4.3
9017,2.6
9018,2
9019,1.8
9020,2.1
9021,2.1
9022,2
9023,2.6
9024,4.5
9025,6.4
9026,6
9027,3.8
9028,2.1
9029,1.2
9030,1.3
9031,1.5
9032,0.9
9033,0.7
9034,0.5
9035,0.6
9036,0.7
9037,0.9
9038,2.2
9039,4.7
9040,4.5
9041,3.1
9042,2.8
9043,2.4
9044,2.5
9045,2
9046,1.7
9047,1.7
9048,3.3
9049,4.5
9050,5.8
9051,4.3
9052,3
9053,2.8
9054,2.7
9055,2.4
9056,2.2
9057,2
9058,-200
9059,0.5
9060,0.7
9061,1.2
9062,3.9
9063,4.9
9064,4.6
9065,3.4
9066,2
9067,1.9
9068,2.4
9069,2.4
9070,2.2
9071,2.5
9072,3.9
9073,6.2
9074,7.2
9075,3.9
9076,2.4
9077,2.3
9078,1.9
9079,1.7
9080,0.9
9081,0.7
9082,0.5
9083,0.4
9084,0.4
9085,0.7
9086,3.1
9087,3.4
9088,3.5
9089,3.2
9090,3.2
9091,3.3
9092,3
9093,2
9094,2.3
9095,2.2
9096,2.7
9097,5.9
9098,7.5
9099,5
9100,4
9101,2.7
9102,2
9103,1.5
9104,1
9105,1
9106,0.9
9107,0.8
9108,0.6
9109,1
9110,3.2
9111,4.3
9112,2.7
9113,1.6
9114,1.4
9115,2.3
9116,2.1
9117,1.4
9118,3.4
9119,3.8
9120,4.9
9121,5.7
9122,5.5
9123,3.9
9124,3.1
9125,2
9126,2.5
9127,2.2
9128,1.5
9129,1.2
9130,-200
9131,0.8
9132,0.1
9133,1.1
9134,1.7
9135,2.1
9136,2.3
9137,2.1
9138,1.9
9139,1.7
9140,1.3
9141,1.3
9142,1.6
9143,2.2
9144,2.3
9145,2.2
9146,2
9147,2.3
9148,2.2
9149,1.6
9150,1.6
9151,1.3
9152,1
9153,1
9154,1
9155,0.8
9156,0.7
9157,1.1
9158,1.1
9159,1.1
9160,1.4
9161,1.3
9162,1.5
9163,1.3
9164,0.8
9165,0.9
9166,1.4
9167,1.8
9168,1.6
9169,1.8
9170,2.1
9171,1.9
9172,1.7
9173,1.9
9174,1.6
9175,1.2
9176,1
9177,1
9178,0.8
9179,0.6
9180,0.6
9181,1
9182,1
9183,1.3
9184,1.5
9185,1.6
9186,1.4
9187,1.4
9188,1.2
9189,1.3
9190,1.4
9191,1.6
9192,2.8
9193,3.7
9194,2.9
9195,1.8
9196,1.6
9197,1.7
9198,1.5
9199,1
9200,0.8
9201,0.5
9202,-200
9203,0.5
9204,1
9205,3
9206,5.1
9207,4.3
9208,3.3
9209,2.4
9210,2.4
9211,2.5
9212,2.3
9213,2.7
9214,2.7
9215,3.3
9216,3.9
9217,2.6
9218,3.2
9219,2.3
9220,1.4
9221,1.1
9222,1.2
9223,0.9
9224,0.7
9225,0.5
9226,0.4
9227,0.5
9228,0.8
9229,2.3
9230,2.9
9231,3.1
9232,2.7
9233,1.8
9234,1.9
9235,1.8
9236,1.8
9237,1.8
9238,1.7
9239,3.2
9240,3.4
9241,4.2
9242,3.5
9243,2
9244,1.4
9245,1.5
9246,1.2
9247,1.1
9248,0.7
9249,0.6
9250,0.5
9251,0.6
9252,0.9
9253,4
9254,4.1
9255,1.9
9256,1.3
9257,1.2
9258,1.2
9259,1.2
9260,0.9
9261,1
9262,1.1
9263,1.5
9264,2.1
9265,2.1
9266,1.5
9267,1
9268,0.8
9269,0.8
9270,0.7
9271,0.6
9272,0.5
9273,0.5
9274,-200
9275,0.5
9276,0.6
9277,1.5
9278,1.9
9279,1.3
9280,1
9281,1
9282,1.1
9283,1.3
9284,1
9285,1.1
9286,1.4
9287,1.5
9288,1.6
9289,2.2
9290,1.4
9291,0.9
9292,0.8
9293,1.1
9294,1.5
9295,1.1
9296,0.6
9297,0.5
9298,0.4
9299,0.4
9300,0.6
9301,0.9
9302,0.9
9303,0.8
9304,1
9305,0.8
9306,0.8
9307,1
9308,0.8
9309,0.8
9310,0.9
9311,1.1
9312,1.1
9313,1.2
9314,1.1
9315,0.8
9316,0.7
9317,0.7
9318,0.8
9319,0.8
9320,0.7
9321,0.8
9322,0.5
9323,0.3
9324,0.4
9325,0.6
9326,0.7
9327,1.2
9328,1.4
9329,1.3
9330,1.4
9331,1
9332,1
9333,1.1
9334,1.3
9335,1.4
9336,1.2
9337,2.7
9338,2.5
9339,1.5
9340,1.6
9341,1.2
9342,0.9
9343,0.6
9344,0.5
9345,0.4
9346,-200
9347,0.5
9348,1.1
9349,4
9350,5
9351,3.9
9352,3.1
9353,2.4
9354,2.4
9355,2.1
9356,2.2